metric,mean,std
acc,0.6752243121640993,0.16259792152684086
f1,0.5252523483164145,0.14954363285561764
roc_auc,0.6935766588329799,0.21425844637958444
mcc,0.16697969269798954,0.25842858099091925
