acc,f1,roc_auc,mcc
0.703858670385867,0.3591549295774648,0.6859753021041549,0.17090285907150798
