fold,test_subject,eval_unit,subject,window_idx,prob,target
1,Subject00,window,Subject00,tensor(0),0.45489561557769775,0
1,Subject00,window,Subject00,tensor(1),0.021691838279366493,0
1,Subject00,window,Subject00,tensor(2),0.1682031750679016,0
1,Subject00,window,Subject00,tensor(3),0.045022398233413696,0
1,Subject00,window,Subject00,tensor(4),0.39191368222236633,0
1,Subject00,window,Subject00,tensor(5),0.3504319489002228,0
1,Subject00,window,Subject00,tensor(6),0.13965585827827454,0
1,Subject00,window,Subject00,tensor(7),0.1815667748451233,0
1,Subject00,window,Subject00,tensor(8),0.4156401455402374,0
1,Subject00,window,Subject00,tensor(9),0.09627729654312134,0
1,Subject00,window,Subject00,tensor(10),0.3328920006752014,0
1,Subject00,window,Subject00,tensor(11),0.4409467577934265,0
1,Subject00,window,Subject00,tensor(12),0.05968700721859932,0
1,Subject00,window,Subject00,tensor(13),0.15398578345775604,0
1,Subject00,window,Subject00,tensor(14),0.04835744947195053,0
1,Subject00,window,Subject00,tensor(15),0.03488623723387718,0
1,Subject00,window,Subject00,tensor(16),0.0853782370686531,0
1,Subject00,window,Subject00,tensor(17),0.06625096499919891,0
1,Subject00,window,Subject00,tensor(18),0.48969948291778564,0
1,Subject00,window,Subject00,tensor(19),0.046872347593307495,0
1,Subject00,window,Subject00,tensor(20),0.0811052992939949,0
1,Subject00,window,Subject00,tensor(21),0.18349671363830566,0
1,Subject00,window,Subject00,tensor(22),0.18897618353366852,0
1,Subject00,window,Subject00,tensor(23),0.3798827826976776,0
1,Subject00,window,Subject00,tensor(24),0.36425086855888367,0
1,Subject00,window,Subject00,tensor(25),0.2019631713628769,0
1,Subject00,window,Subject00,tensor(26),0.048319488763809204,0
1,Subject00,window,Subject00,tensor(27),0.5381263494491577,0
1,Subject00,window,Subject00,tensor(28),0.04048542678356171,0
1,Subject00,window,Subject00,tensor(29),0.05056652054190636,0
1,Subject00,window,Subject00,tensor(30),0.1391877382993698,0
1,Subject00,window,Subject00,tensor(31),0.39503100514411926,0
1,Subject00,window,Subject00,tensor(32),0.34202840924263,0
1,Subject00,window,Subject00,tensor(33),0.14364579319953918,0
1,Subject00,window,Subject00,tensor(34),0.044398605823516846,0
1,Subject00,window,Subject00,tensor(35),0.2735145390033722,0
1,Subject00,window,Subject00,tensor(36),0.1436225324869156,1
1,Subject00,window,Subject00,tensor(37),0.07033952325582504,1
1,Subject00,window,Subject00,tensor(38),0.09295462816953659,1
1,Subject00,window,Subject00,tensor(39),0.037582606077194214,1
1,Subject00,window,Subject00,tensor(40),0.31965312361717224,1
1,Subject00,window,Subject00,tensor(41),0.12254530936479568,1
1,Subject00,window,Subject00,tensor(42),0.04021879658102989,1
1,Subject00,window,Subject00,tensor(43),0.052447617053985596,1
1,Subject00,window,Subject00,tensor(44),0.4771948456764221,1
1,Subject00,window,Subject00,tensor(45),0.23795805871486664,1
1,Subject00,window,Subject00,tensor(46),0.16490612924098969,1
1,Subject00,window,Subject00,tensor(47),0.05683964118361473,1
2,Subject01,window,Subject01,tensor(48),0.2926281690597534,0
2,Subject01,window,Subject01,tensor(49),0.28751465678215027,0
2,Subject01,window,Subject01,tensor(50),0.2810766100883484,0
2,Subject01,window,Subject01,tensor(51),0.3093329668045044,0
2,Subject01,window,Subject01,tensor(52),0.31178992986679077,0
2,Subject01,window,Subject01,tensor(53),0.30840662121772766,0
2,Subject01,window,Subject01,tensor(54),0.32460564374923706,0
2,Subject01,window,Subject01,tensor(55),0.29854467511177063,0
2,Subject01,window,Subject01,tensor(56),0.31816565990448,0
2,Subject01,window,Subject01,tensor(57),0.306768536567688,0
2,Subject01,window,Subject01,tensor(58),0.2746739685535431,0
2,Subject01,window,Subject01,tensor(59),0.3046584129333496,0
2,Subject01,window,Subject01,tensor(60),0.3097527027130127,0
2,Subject01,window,Subject01,tensor(61),0.2848656475543976,0
2,Subject01,window,Subject01,tensor(62),0.30104827880859375,0
2,Subject01,window,Subject01,tensor(63),0.302507221698761,0
2,Subject01,window,Subject01,tensor(64),0.31466493010520935,0
2,Subject01,window,Subject01,tensor(65),0.29570671916007996,0
2,Subject01,window,Subject01,tensor(66),0.30530068278312683,0
2,Subject01,window,Subject01,tensor(67),0.27899980545043945,0
2,Subject01,window,Subject01,tensor(68),0.2989017963409424,0
2,Subject01,window,Subject01,tensor(69),0.28666314482688904,0
2,Subject01,window,Subject01,tensor(70),0.29200562834739685,0
2,Subject01,window,Subject01,tensor(71),0.2817358672618866,0
2,Subject01,window,Subject01,tensor(72),0.2933872640132904,0
2,Subject01,window,Subject01,tensor(73),0.28713396191596985,0
2,Subject01,window,Subject01,tensor(74),0.30539312958717346,0
2,Subject01,window,Subject01,tensor(75),0.30913567543029785,0
2,Subject01,window,Subject01,tensor(76),0.2616584300994873,0
2,Subject01,window,Subject01,tensor(77),0.27622190117836,0
2,Subject01,window,Subject01,tensor(78),0.2925962209701538,0
2,Subject01,window,Subject01,tensor(79),0.28583166003227234,0
2,Subject01,window,Subject01,tensor(80),0.3088808059692383,0
2,Subject01,window,Subject01,tensor(81),0.292758971452713,0
2,Subject01,window,Subject01,tensor(82),0.29762351512908936,0
2,Subject01,window,Subject01,tensor(83),0.25826704502105713,0
2,Subject01,window,Subject01,tensor(84),0.3108229339122772,1
2,Subject01,window,Subject01,tensor(85),0.2986881732940674,1
2,Subject01,window,Subject01,tensor(86),0.293028324842453,1
2,Subject01,window,Subject01,tensor(87),0.2992452085018158,1
2,Subject01,window,Subject01,tensor(88),0.2735465466976166,1
2,Subject01,window,Subject01,tensor(89),0.29400160908699036,1
2,Subject01,window,Subject01,tensor(90),0.29034334421157837,1
2,Subject01,window,Subject01,tensor(91),0.2973954677581787,1
2,Subject01,window,Subject01,tensor(92),0.2978379726409912,1
2,Subject01,window,Subject01,tensor(93),0.3212748169898987,1
2,Subject01,window,Subject01,tensor(94),0.2779017686843872,1
2,Subject01,window,Subject01,tensor(95),0.2810209393501282,1
3,Subject02,window,Subject02,tensor(96),0.10322920233011246,0
3,Subject02,window,Subject02,tensor(97),0.34269362688064575,0
3,Subject02,window,Subject02,tensor(98),0.1207011342048645,0
3,Subject02,window,Subject02,tensor(99),0.8169808387756348,0
3,Subject02,window,Subject02,tensor(100),0.33344945311546326,0
3,Subject02,window,Subject02,tensor(101),0.23441682755947113,0
3,Subject02,window,Subject02,tensor(102),0.7201125025749207,0
3,Subject02,window,Subject02,tensor(103),0.14966745674610138,0
3,Subject02,window,Subject02,tensor(104),0.170635387301445,0
3,Subject02,window,Subject02,tensor(105),0.08416097611188889,0
3,Subject02,window,Subject02,tensor(106),0.15302413702011108,0
3,Subject02,window,Subject02,tensor(107),0.16227665543556213,0
3,Subject02,window,Subject02,tensor(108),0.07767417281866074,0
3,Subject02,window,Subject02,tensor(109),0.07487573474645615,0
3,Subject02,window,Subject02,tensor(110),0.18596215546131134,0
3,Subject02,window,Subject02,tensor(111),0.022189276292920113,0
3,Subject02,window,Subject02,tensor(112),0.018095942214131355,0
3,Subject02,window,Subject02,tensor(113),0.02900112047791481,0
3,Subject02,window,Subject02,tensor(114),0.5220021605491638,0
3,Subject02,window,Subject02,tensor(115),0.1559029370546341,0
3,Subject02,window,Subject02,tensor(116),0.024681400507688522,0
3,Subject02,window,Subject02,tensor(117),0.5118499398231506,0
3,Subject02,window,Subject02,tensor(118),0.045831676572561264,0
3,Subject02,window,Subject02,tensor(119),0.4394831359386444,0
3,Subject02,window,Subject02,tensor(120),0.18264053761959076,0
3,Subject02,window,Subject02,tensor(121),0.4393761456012726,0
3,Subject02,window,Subject02,tensor(122),0.03315289691090584,0
3,Subject02,window,Subject02,tensor(123),0.2303888201713562,0
3,Subject02,window,Subject02,tensor(124),0.13132615387439728,0
3,Subject02,window,Subject02,tensor(125),0.09993179887533188,0
3,Subject02,window,Subject02,tensor(126),0.3884541094303131,0
3,Subject02,window,Subject02,tensor(127),0.03885095939040184,0
3,Subject02,window,Subject02,tensor(128),0.3373478353023529,0
3,Subject02,window,Subject02,tensor(129),0.21348001062870026,0
3,Subject02,window,Subject02,tensor(130),0.3910902738571167,0
3,Subject02,window,Subject02,tensor(131),0.26195740699768066,0
3,Subject02,window,Subject02,tensor(132),0.28759101033210754,1
3,Subject02,window,Subject02,tensor(133),0.0222795270383358,1
3,Subject02,window,Subject02,tensor(134),0.0849146917462349,1
3,Subject02,window,Subject02,tensor(135),0.09212642163038254,1
3,Subject02,window,Subject02,tensor(136),0.06921577453613281,1
3,Subject02,window,Subject02,tensor(137),0.10412739962339401,1
3,Subject02,window,Subject02,tensor(138),0.6674377918243408,1
3,Subject02,window,Subject02,tensor(139),0.19224350154399872,1
3,Subject02,window,Subject02,tensor(140),0.026036733761429787,1
3,Subject02,window,Subject02,tensor(141),0.027198707684874535,1
3,Subject02,window,Subject02,tensor(142),0.04723704978823662,1
3,Subject02,window,Subject02,tensor(143),0.027769220992922783,1
4,Subject03,window,Subject03,tensor(144),0.09348941594362259,0
4,Subject03,window,Subject03,tensor(145),0.6366105079650879,0
4,Subject03,window,Subject03,tensor(146),0.16496634483337402,0
4,Subject03,window,Subject03,tensor(147),0.6341394186019897,0
4,Subject03,window,Subject03,tensor(148),0.5672964453697205,0
4,Subject03,window,Subject03,tensor(149),0.05909637361764908,0
4,Subject03,window,Subject03,tensor(150),0.13668881356716156,0
4,Subject03,window,Subject03,tensor(151),0.24619531631469727,0
4,Subject03,window,Subject03,tensor(152),0.06794922053813934,0
4,Subject03,window,Subject03,tensor(153),0.03531096130609512,0
4,Subject03,window,Subject03,tensor(154),0.053892433643341064,0
4,Subject03,window,Subject03,tensor(155),0.15481626987457275,0
4,Subject03,window,Subject03,tensor(156),0.449366956949234,0
4,Subject03,window,Subject03,tensor(157),0.03540821373462677,0
4,Subject03,window,Subject03,tensor(158),0.42708757519721985,0
4,Subject03,window,Subject03,tensor(159),0.44300538301467896,0
4,Subject03,window,Subject03,tensor(160),0.32744520902633667,0
4,Subject03,window,Subject03,tensor(161),0.18240860104560852,0
4,Subject03,window,Subject03,tensor(162),0.4621746242046356,0
4,Subject03,window,Subject03,tensor(163),0.18492890894412994,0
4,Subject03,window,Subject03,tensor(164),0.4841332733631134,0
4,Subject03,window,Subject03,tensor(165),0.4543340802192688,0
4,Subject03,window,Subject03,tensor(166),0.12123675644397736,0
4,Subject03,window,Subject03,tensor(167),0.37940725684165955,0
4,Subject03,window,Subject03,tensor(168),0.05040263384580612,0
4,Subject03,window,Subject03,tensor(169),0.5111939311027527,0
4,Subject03,window,Subject03,tensor(170),0.07472186535596848,0
4,Subject03,window,Subject03,tensor(171),0.19789211452007294,0
4,Subject03,window,Subject03,tensor(172),0.2698918581008911,0
4,Subject03,window,Subject03,tensor(173),0.12743225693702698,0
4,Subject03,window,Subject03,tensor(174),0.6243298053741455,0
4,Subject03,window,Subject03,tensor(175),0.40305793285369873,0
4,Subject03,window,Subject03,tensor(176),0.4486183226108551,0
4,Subject03,window,Subject03,tensor(177),0.22708165645599365,0
4,Subject03,window,Subject03,tensor(178),0.08967266976833344,0
4,Subject03,window,Subject03,tensor(179),0.14284436404705048,0
4,Subject03,window,Subject03,tensor(180),0.06975224614143372,1
4,Subject03,window,Subject03,tensor(181),0.0799885243177414,1
4,Subject03,window,Subject03,tensor(182),0.37248897552490234,1
4,Subject03,window,Subject03,tensor(183),0.08038853853940964,1
4,Subject03,window,Subject03,tensor(184),0.19635817408561707,1
4,Subject03,window,Subject03,tensor(185),0.1399810016155243,1
4,Subject03,window,Subject03,tensor(186),0.13491404056549072,1
4,Subject03,window,Subject03,tensor(187),0.16691730916500092,1
4,Subject03,window,Subject03,tensor(188),0.3090434968471527,1
4,Subject03,window,Subject03,tensor(189),0.45979607105255127,1
4,Subject03,window,Subject03,tensor(190),0.2961393892765045,1
4,Subject03,window,Subject03,tensor(191),0.10421134531497955,1
5,Subject04,window,Subject04,tensor(192),0.1324356347322464,0
5,Subject04,window,Subject04,tensor(193),0.5078365802764893,0
5,Subject04,window,Subject04,tensor(194),0.04240356758236885,0
5,Subject04,window,Subject04,tensor(195),0.332457572221756,0
5,Subject04,window,Subject04,tensor(196),0.1487571895122528,0
5,Subject04,window,Subject04,tensor(197),0.10630939155817032,0
5,Subject04,window,Subject04,tensor(198),0.4906821548938751,0
5,Subject04,window,Subject04,tensor(199),0.09075923264026642,0
5,Subject04,window,Subject04,tensor(200),0.5226367115974426,0
5,Subject04,window,Subject04,tensor(201),0.029212098568677902,0
5,Subject04,window,Subject04,tensor(202),0.11043704301118851,0
5,Subject04,window,Subject04,tensor(203),0.5412663221359253,0
5,Subject04,window,Subject04,tensor(204),0.4616260826587677,0
5,Subject04,window,Subject04,tensor(205),0.4856889545917511,0
5,Subject04,window,Subject04,tensor(206),0.04544685408473015,0
5,Subject04,window,Subject04,tensor(207),0.35644638538360596,0
5,Subject04,window,Subject04,tensor(208),0.39627254009246826,0
5,Subject04,window,Subject04,tensor(209),0.2771685719490051,0
5,Subject04,window,Subject04,tensor(210),0.06784933060407639,0
5,Subject04,window,Subject04,tensor(211),0.38805684447288513,0
5,Subject04,window,Subject04,tensor(212),0.17911086976528168,0
5,Subject04,window,Subject04,tensor(213),0.2361011505126953,0
5,Subject04,window,Subject04,tensor(214),0.059303540736436844,0
5,Subject04,window,Subject04,tensor(215),0.3221397399902344,0
5,Subject04,window,Subject04,tensor(216),0.10132622718811035,0
5,Subject04,window,Subject04,tensor(217),0.21163460612297058,0
5,Subject04,window,Subject04,tensor(218),0.03889334574341774,0
5,Subject04,window,Subject04,tensor(219),0.47464123368263245,0
5,Subject04,window,Subject04,tensor(220),0.1172252893447876,0
5,Subject04,window,Subject04,tensor(221),0.46859657764434814,0
5,Subject04,window,Subject04,tensor(222),0.46073117852211,0
5,Subject04,window,Subject04,tensor(223),0.0640760287642479,0
5,Subject04,window,Subject04,tensor(224),0.14523987472057343,0
5,Subject04,window,Subject04,tensor(225),0.06234161555767059,0
5,Subject04,window,Subject04,tensor(226),0.04611733928322792,1
5,Subject04,window,Subject04,tensor(227),0.18956483900547028,1
5,Subject04,window,Subject04,tensor(228),0.37390947341918945,1
5,Subject04,window,Subject04,tensor(229),0.39605769515037537,1
5,Subject04,window,Subject04,tensor(230),0.16281595826148987,1
5,Subject04,window,Subject04,tensor(231),0.25158706307411194,1
5,Subject04,window,Subject04,tensor(232),0.1607501208782196,1
5,Subject04,window,Subject04,tensor(233),0.2603522539138794,1
5,Subject04,window,Subject04,tensor(234),0.14171339571475983,1
5,Subject04,window,Subject04,tensor(235),0.3307456076145172,1
5,Subject04,window,Subject04,tensor(236),0.038024380803108215,1
5,Subject04,window,Subject04,tensor(237),0.02744869887828827,1
6,Subject05,window,Subject05,tensor(238),0.3060252368450165,0
6,Subject05,window,Subject05,tensor(239),0.2558140754699707,0
6,Subject05,window,Subject05,tensor(240),0.2235672026872635,0
6,Subject05,window,Subject05,tensor(241),0.4925781488418579,0
6,Subject05,window,Subject05,tensor(242),0.28210923075675964,0
6,Subject05,window,Subject05,tensor(243),0.23852810263633728,0
6,Subject05,window,Subject05,tensor(244),0.45959585905075073,0
6,Subject05,window,Subject05,tensor(245),0.23090380430221558,0
6,Subject05,window,Subject05,tensor(246),0.19991262257099152,0
6,Subject05,window,Subject05,tensor(247),0.2957339584827423,0
6,Subject05,window,Subject05,tensor(248),0.23699481785297394,0
6,Subject05,window,Subject05,tensor(249),0.2758466899394989,0
6,Subject05,window,Subject05,tensor(250),0.29072871804237366,0
6,Subject05,window,Subject05,tensor(251),0.16114859282970428,0
6,Subject05,window,Subject05,tensor(252),0.2352604866027832,0
6,Subject05,window,Subject05,tensor(253),0.17727883160114288,0
6,Subject05,window,Subject05,tensor(254),0.22316057980060577,0
6,Subject05,window,Subject05,tensor(255),0.16637569665908813,0
6,Subject05,window,Subject05,tensor(256),0.2041783183813095,0
6,Subject05,window,Subject05,tensor(257),0.15698526799678802,0
6,Subject05,window,Subject05,tensor(258),0.23999325931072235,0
6,Subject05,window,Subject05,tensor(259),0.3187335133552551,0
6,Subject05,window,Subject05,tensor(260),0.5036512017250061,0
6,Subject05,window,Subject05,tensor(261),0.2877139449119568,0
6,Subject05,window,Subject05,tensor(262),0.18641622364521027,0
6,Subject05,window,Subject05,tensor(263),0.3692004680633545,0
6,Subject05,window,Subject05,tensor(264),0.44748249650001526,0
6,Subject05,window,Subject05,tensor(265),0.2686026692390442,0
6,Subject05,window,Subject05,tensor(266),0.2436576932668686,0
6,Subject05,window,Subject05,tensor(267),0.33878254890441895,0
6,Subject05,window,Subject05,tensor(268),0.31873518228530884,0
6,Subject05,window,Subject05,tensor(269),0.20473217964172363,0
6,Subject05,window,Subject05,tensor(270),0.2781684100627899,0
6,Subject05,window,Subject05,tensor(271),0.2931514084339142,0
6,Subject05,window,Subject05,tensor(272),0.22578124701976776,0
6,Subject05,window,Subject05,tensor(273),0.3403656780719757,0
6,Subject05,window,Subject05,tensor(274),0.18625998497009277,1
6,Subject05,window,Subject05,tensor(275),0.17951332032680511,1
6,Subject05,window,Subject05,tensor(276),0.3788034915924072,1
6,Subject05,window,Subject05,tensor(277),0.4327046573162079,1
6,Subject05,window,Subject05,tensor(278),0.2081836611032486,1
6,Subject05,window,Subject05,tensor(279),0.248909130692482,1
6,Subject05,window,Subject05,tensor(280),0.5281043648719788,1
6,Subject05,window,Subject05,tensor(281),0.19012309610843658,1
6,Subject05,window,Subject05,tensor(282),0.29426997900009155,1
6,Subject05,window,Subject05,tensor(283),0.23727856576442719,1
6,Subject05,window,Subject05,tensor(284),0.2395843267440796,1
6,Subject05,window,Subject05,tensor(285),0.1933569610118866,1
7,Subject06,window,Subject06,tensor(286),0.03891352564096451,0
7,Subject06,window,Subject06,tensor(287),0.3021693229675293,0
7,Subject06,window,Subject06,tensor(288),0.028757425025105476,0
7,Subject06,window,Subject06,tensor(289),0.2498449683189392,0
7,Subject06,window,Subject06,tensor(290),0.1034349724650383,0
7,Subject06,window,Subject06,tensor(291),0.3646489679813385,0
7,Subject06,window,Subject06,tensor(292),0.3455699384212494,0
7,Subject06,window,Subject06,tensor(293),0.45994991064071655,0
7,Subject06,window,Subject06,tensor(294),0.1609068512916565,0
7,Subject06,window,Subject06,tensor(295),0.05647281929850578,0
7,Subject06,window,Subject06,tensor(296),0.5202699899673462,0
7,Subject06,window,Subject06,tensor(297),0.034018829464912415,0
7,Subject06,window,Subject06,tensor(298),0.49667710065841675,0
7,Subject06,window,Subject06,tensor(299),0.03585409000515938,0
7,Subject06,window,Subject06,tensor(300),0.20255406200885773,0
7,Subject06,window,Subject06,tensor(301),0.4196120500564575,0
7,Subject06,window,Subject06,tensor(302),0.05042369291186333,0
7,Subject06,window,Subject06,tensor(303),0.5316362380981445,0
7,Subject06,window,Subject06,tensor(304),0.21401873230934143,0
7,Subject06,window,Subject06,tensor(305),0.0763627216219902,0
7,Subject06,window,Subject06,tensor(306),0.4729921221733093,0
7,Subject06,window,Subject06,tensor(307),0.10544958710670471,0
7,Subject06,window,Subject06,tensor(308),0.1167999878525734,0
7,Subject06,window,Subject06,tensor(309),0.206336110830307,0
7,Subject06,window,Subject06,tensor(310),0.19155436754226685,0
7,Subject06,window,Subject06,tensor(311),0.13584251701831818,0
7,Subject06,window,Subject06,tensor(312),0.12689390778541565,0
7,Subject06,window,Subject06,tensor(313),0.17031915485858917,0
7,Subject06,window,Subject06,tensor(314),0.15375126898288727,0
7,Subject06,window,Subject06,tensor(315),0.5438207387924194,0
7,Subject06,window,Subject06,tensor(316),0.15465053915977478,0
7,Subject06,window,Subject06,tensor(317),0.05904761329293251,0
7,Subject06,window,Subject06,tensor(318),0.08590193837881088,0
7,Subject06,window,Subject06,tensor(319),0.5874916911125183,0
7,Subject06,window,Subject06,tensor(320),0.725207507610321,0
7,Subject06,window,Subject06,tensor(321),0.6971991658210754,0
7,Subject06,window,Subject06,tensor(322),0.0721227154135704,1
7,Subject06,window,Subject06,tensor(323),0.6976205706596375,1
7,Subject06,window,Subject06,tensor(324),0.14370593428611755,1
7,Subject06,window,Subject06,tensor(325),0.206775963306427,1
7,Subject06,window,Subject06,tensor(326),0.07135918736457825,1
7,Subject06,window,Subject06,tensor(327),0.2894514799118042,1
7,Subject06,window,Subject06,tensor(328),0.04776816815137863,1
7,Subject06,window,Subject06,tensor(329),0.5713268518447876,1
7,Subject06,window,Subject06,tensor(330),0.11697324365377426,1
7,Subject06,window,Subject06,tensor(331),0.08180267363786697,1
7,Subject06,window,Subject06,tensor(332),0.025346742942929268,1
7,Subject06,window,Subject06,tensor(333),0.5299783945083618,1
8,Subject07,window,Subject07,tensor(334),0.09294425696134567,0
8,Subject07,window,Subject07,tensor(335),0.14830705523490906,0
8,Subject07,window,Subject07,tensor(336),0.08946949988603592,0
8,Subject07,window,Subject07,tensor(337),0.44723695516586304,0
8,Subject07,window,Subject07,tensor(338),0.485218346118927,0
8,Subject07,window,Subject07,tensor(339),0.31985238194465637,0
8,Subject07,window,Subject07,tensor(340),0.4158421754837036,0
8,Subject07,window,Subject07,tensor(341),0.6882144808769226,0
8,Subject07,window,Subject07,tensor(342),0.03814031183719635,0
8,Subject07,window,Subject07,tensor(343),0.2299177050590515,0
8,Subject07,window,Subject07,tensor(344),0.16534416377544403,0
8,Subject07,window,Subject07,tensor(345),0.5314725637435913,0
8,Subject07,window,Subject07,tensor(346),0.05947321280837059,0
8,Subject07,window,Subject07,tensor(347),0.18320532143115997,0
8,Subject07,window,Subject07,tensor(348),0.6395303010940552,0
8,Subject07,window,Subject07,tensor(349),0.03494485467672348,0
8,Subject07,window,Subject07,tensor(350),0.15458045899868011,0
8,Subject07,window,Subject07,tensor(351),0.5047625303268433,0
8,Subject07,window,Subject07,tensor(352),0.1702154278755188,0
8,Subject07,window,Subject07,tensor(353),0.4663529694080353,0
8,Subject07,window,Subject07,tensor(354),0.40153199434280396,0
8,Subject07,window,Subject07,tensor(355),0.08975575119256973,0
8,Subject07,window,Subject07,tensor(356),0.03429687023162842,0
8,Subject07,window,Subject07,tensor(357),0.3023342788219452,0
8,Subject07,window,Subject07,tensor(358),0.06224026903510094,0
8,Subject07,window,Subject07,tensor(359),0.1793832629919052,0
8,Subject07,window,Subject07,tensor(360),0.5519630908966064,0
8,Subject07,window,Subject07,tensor(361),0.04529660567641258,0
8,Subject07,window,Subject07,tensor(362),0.30618324875831604,0
8,Subject07,window,Subject07,tensor(363),0.03817949816584587,0
8,Subject07,window,Subject07,tensor(364),0.5420224070549011,0
8,Subject07,window,Subject07,tensor(365),0.10464596748352051,0
8,Subject07,window,Subject07,tensor(366),0.6850342750549316,0
8,Subject07,window,Subject07,tensor(367),0.07565992325544357,0
8,Subject07,window,Subject07,tensor(368),0.42655691504478455,0
8,Subject07,window,Subject07,tensor(369),0.21044661104679108,0
8,Subject07,window,Subject07,tensor(370),0.2180182933807373,1
8,Subject07,window,Subject07,tensor(371),0.5408632159233093,1
8,Subject07,window,Subject07,tensor(372),0.12076539546251297,1
8,Subject07,window,Subject07,tensor(373),0.44605839252471924,1
8,Subject07,window,Subject07,tensor(374),0.35157373547554016,1
8,Subject07,window,Subject07,tensor(375),0.674476146697998,1
8,Subject07,window,Subject07,tensor(376),0.0455060675740242,1
8,Subject07,window,Subject07,tensor(377),0.36517709493637085,1
8,Subject07,window,Subject07,tensor(378),0.1467353254556656,1
8,Subject07,window,Subject07,tensor(379),0.05542514845728874,1
8,Subject07,window,Subject07,tensor(380),0.1631578654050827,1
8,Subject07,window,Subject07,tensor(381),0.28483110666275024,1
9,Subject08,window,Subject08,tensor(382),0.20315732061862946,0
9,Subject08,window,Subject08,tensor(383),0.16653750836849213,0
9,Subject08,window,Subject08,tensor(384),0.4271175265312195,0
9,Subject08,window,Subject08,tensor(385),0.12212055921554565,0
9,Subject08,window,Subject08,tensor(386),0.5612034201622009,0
9,Subject08,window,Subject08,tensor(387),0.17770349979400635,0
9,Subject08,window,Subject08,tensor(388),0.26121625304222107,0
9,Subject08,window,Subject08,tensor(389),0.12105052918195724,0
9,Subject08,window,Subject08,tensor(390),0.06468294560909271,0
9,Subject08,window,Subject08,tensor(391),0.2193535715341568,0
9,Subject08,window,Subject08,tensor(392),0.4572904706001282,0
9,Subject08,window,Subject08,tensor(393),0.5488365888595581,0
9,Subject08,window,Subject08,tensor(394),0.2700742781162262,0
9,Subject08,window,Subject08,tensor(395),0.22685740888118744,0
9,Subject08,window,Subject08,tensor(396),0.17667633295059204,0
9,Subject08,window,Subject08,tensor(397),0.052868690341711044,0
9,Subject08,window,Subject08,tensor(398),0.5409685373306274,0
9,Subject08,window,Subject08,tensor(399),0.06558133661746979,0
9,Subject08,window,Subject08,tensor(400),0.14051079750061035,0
9,Subject08,window,Subject08,tensor(401),0.05301331356167793,0
9,Subject08,window,Subject08,tensor(402),0.6007131934165955,0
9,Subject08,window,Subject08,tensor(403),0.07337814569473267,0
9,Subject08,window,Subject08,tensor(404),0.0499730221927166,0
9,Subject08,window,Subject08,tensor(405),0.05041205883026123,0
9,Subject08,window,Subject08,tensor(406),0.14937646687030792,0
9,Subject08,window,Subject08,tensor(407),0.057101525366306305,0
9,Subject08,window,Subject08,tensor(408),0.10706062614917755,0
9,Subject08,window,Subject08,tensor(409),0.303179532289505,0
9,Subject08,window,Subject08,tensor(410),0.15248723328113556,0
9,Subject08,window,Subject08,tensor(411),0.1231590285897255,0
9,Subject08,window,Subject08,tensor(412),0.535951554775238,0
9,Subject08,window,Subject08,tensor(413),0.05384453013539314,0
9,Subject08,window,Subject08,tensor(414),0.26968926191329956,0
9,Subject08,window,Subject08,tensor(415),0.49758461117744446,0
9,Subject08,window,Subject08,tensor(416),0.5599679946899414,0
9,Subject08,window,Subject08,tensor(417),0.14928235113620758,0
9,Subject08,window,Subject08,tensor(418),0.1487438827753067,1
9,Subject08,window,Subject08,tensor(419),0.3522557020187378,1
9,Subject08,window,Subject08,tensor(420),0.36184200644493103,1
9,Subject08,window,Subject08,tensor(421),0.04588891938328743,1
9,Subject08,window,Subject08,tensor(422),0.4076947867870331,1
9,Subject08,window,Subject08,tensor(423),0.5434609651565552,1
9,Subject08,window,Subject08,tensor(424),0.2533355951309204,1
9,Subject08,window,Subject08,tensor(425),0.0810830220580101,1
9,Subject08,window,Subject08,tensor(426),0.5884294509887695,1
9,Subject08,window,Subject08,tensor(427),0.19270725548267365,1
9,Subject08,window,Subject08,tensor(428),0.15216395258903503,1
9,Subject08,window,Subject08,tensor(429),0.1184631809592247,1
10,Subject09,window,Subject09,tensor(430),0.5599149465560913,0
10,Subject09,window,Subject09,tensor(431),0.12665525078773499,0
10,Subject09,window,Subject09,tensor(432),0.06236372888088226,0
10,Subject09,window,Subject09,tensor(433),0.043221138417720795,0
10,Subject09,window,Subject09,tensor(434),0.04127323254942894,0
10,Subject09,window,Subject09,tensor(435),0.0667373389005661,0
10,Subject09,window,Subject09,tensor(436),0.0766511857509613,0
10,Subject09,window,Subject09,tensor(437),0.3339538872241974,0
10,Subject09,window,Subject09,tensor(438),0.15753872692584991,0
10,Subject09,window,Subject09,tensor(439),0.36117860674858093,0
10,Subject09,window,Subject09,tensor(440),0.07832685858011246,0
10,Subject09,window,Subject09,tensor(441),0.5398746728897095,0
10,Subject09,window,Subject09,tensor(442),0.04630543664097786,0
10,Subject09,window,Subject09,tensor(443),0.27693331241607666,0
10,Subject09,window,Subject09,tensor(444),0.04259690269827843,0
10,Subject09,window,Subject09,tensor(445),0.07730647921562195,0
10,Subject09,window,Subject09,tensor(446),0.046390313655138016,0
10,Subject09,window,Subject09,tensor(447),0.19205334782600403,0
10,Subject09,window,Subject09,tensor(448),0.25618818402290344,0
10,Subject09,window,Subject09,tensor(449),0.0632244274020195,0
10,Subject09,window,Subject09,tensor(450),0.173142671585083,0
10,Subject09,window,Subject09,tensor(451),0.09811404347419739,0
10,Subject09,window,Subject09,tensor(452),0.1016414687037468,0
10,Subject09,window,Subject09,tensor(453),0.08045216649770737,0
10,Subject09,window,Subject09,tensor(454),0.07423025369644165,0
10,Subject09,window,Subject09,tensor(455),0.08835163712501526,0
10,Subject09,window,Subject09,tensor(456),0.04403773695230484,0
10,Subject09,window,Subject09,tensor(457),0.23006518185138702,0
10,Subject09,window,Subject09,tensor(458),0.046935804188251495,0
10,Subject09,window,Subject09,tensor(459),0.06861064583063126,0
10,Subject09,window,Subject09,tensor(460),0.6762879490852356,0
10,Subject09,window,Subject09,tensor(461),0.4743889272212982,0
10,Subject09,window,Subject09,tensor(462),0.12623925507068634,0
10,Subject09,window,Subject09,tensor(463),0.039447981864213943,0
10,Subject09,window,Subject09,tensor(464),0.2739572823047638,0
10,Subject09,window,Subject09,tensor(465),0.6351993680000305,0
10,Subject09,window,Subject09,tensor(466),0.09371250122785568,1
10,Subject09,window,Subject09,tensor(467),0.09008591622114182,1
10,Subject09,window,Subject09,tensor(468),0.27853259444236755,1
10,Subject09,window,Subject09,tensor(469),0.06160527467727661,1
10,Subject09,window,Subject09,tensor(470),0.04064484313130379,1
10,Subject09,window,Subject09,tensor(471),0.06230774149298668,1
10,Subject09,window,Subject09,tensor(472),0.05670550838112831,1
10,Subject09,window,Subject09,tensor(473),0.2619210481643677,1
10,Subject09,window,Subject09,tensor(474),0.6358264684677124,1
10,Subject09,window,Subject09,tensor(475),0.06585565954446793,1
10,Subject09,window,Subject09,tensor(476),0.2957746386528015,1
10,Subject09,window,Subject09,tensor(477),0.15842951834201813,1
11,Subject10,window,Subject10,tensor(478),0.13491085171699524,0
11,Subject10,window,Subject10,tensor(479),0.15438956022262573,0
11,Subject10,window,Subject10,tensor(480),0.11726266145706177,0
11,Subject10,window,Subject10,tensor(481),0.20081207156181335,0
11,Subject10,window,Subject10,tensor(482),0.15456221997737885,0
11,Subject10,window,Subject10,tensor(483),0.24382846057415009,0
11,Subject10,window,Subject10,tensor(484),0.13701358437538147,0
11,Subject10,window,Subject10,tensor(485),0.16856780648231506,0
11,Subject10,window,Subject10,tensor(486),0.13969755172729492,0
11,Subject10,window,Subject10,tensor(487),0.3138761818408966,0
11,Subject10,window,Subject10,tensor(488),0.18836134672164917,0
11,Subject10,window,Subject10,tensor(489),0.2051367163658142,0
11,Subject10,window,Subject10,tensor(490),0.19518573582172394,0
11,Subject10,window,Subject10,tensor(491),0.1807139366865158,0
11,Subject10,window,Subject10,tensor(492),0.10665958374738693,0
11,Subject10,window,Subject10,tensor(493),0.1154165044426918,0
11,Subject10,window,Subject10,tensor(494),0.39725279808044434,0
11,Subject10,window,Subject10,tensor(495),0.17254838347434998,0
11,Subject10,window,Subject10,tensor(496),0.23059634864330292,0
11,Subject10,window,Subject10,tensor(497),0.13870146870613098,0
11,Subject10,window,Subject10,tensor(498),0.3337375521659851,0
11,Subject10,window,Subject10,tensor(499),0.20389200747013092,0
11,Subject10,window,Subject10,tensor(500),0.13285379111766815,0
11,Subject10,window,Subject10,tensor(501),0.16996866464614868,0
11,Subject10,window,Subject10,tensor(502),0.24630330502986908,0
11,Subject10,window,Subject10,tensor(503),0.1772649586200714,0
11,Subject10,window,Subject10,tensor(504),0.169757679104805,0
11,Subject10,window,Subject10,tensor(505),0.3016308844089508,0
11,Subject10,window,Subject10,tensor(506),0.1873060166835785,0
11,Subject10,window,Subject10,tensor(507),0.2276490479707718,0
11,Subject10,window,Subject10,tensor(508),0.15136420726776123,0
11,Subject10,window,Subject10,tensor(509),0.10847339779138565,0
11,Subject10,window,Subject10,tensor(510),0.15180742740631104,0
11,Subject10,window,Subject10,tensor(511),0.22431668639183044,0
11,Subject10,window,Subject10,tensor(512),0.14001663029193878,0
11,Subject10,window,Subject10,tensor(513),0.11988115310668945,0
11,Subject10,window,Subject10,tensor(514),0.18854083120822906,0
11,Subject10,window,Subject10,tensor(515),0.1643328070640564,1
11,Subject10,window,Subject10,tensor(516),0.2921428084373474,1
11,Subject10,window,Subject10,tensor(517),0.3050783574581146,1
11,Subject10,window,Subject10,tensor(518),0.13569296896457672,1
11,Subject10,window,Subject10,tensor(519),0.29831764101982117,1
11,Subject10,window,Subject10,tensor(520),0.10878147929906845,1
11,Subject10,window,Subject10,tensor(521),0.31295865774154663,1
11,Subject10,window,Subject10,tensor(522),0.31110790371894836,1
11,Subject10,window,Subject10,tensor(523),0.10974506288766861,1
11,Subject10,window,Subject10,tensor(524),0.1536824107170105,1
11,Subject10,window,Subject10,tensor(525),0.3076687455177307,1
11,Subject10,window,Subject10,tensor(526),0.2982584238052368,1
12,Subject11,window,Subject11,tensor(527),0.26089924573898315,0
12,Subject11,window,Subject11,tensor(528),0.14602336287498474,0
12,Subject11,window,Subject11,tensor(529),0.38989225029945374,0
12,Subject11,window,Subject11,tensor(530),0.1315651684999466,0
12,Subject11,window,Subject11,tensor(531),0.13522671163082123,0
12,Subject11,window,Subject11,tensor(532),0.33966848254203796,0
12,Subject11,window,Subject11,tensor(533),0.1618018001317978,0
12,Subject11,window,Subject11,tensor(534),0.11352412402629852,0
12,Subject11,window,Subject11,tensor(535),0.160966157913208,0
12,Subject11,window,Subject11,tensor(536),0.10399127751588821,0
12,Subject11,window,Subject11,tensor(537),0.15373550355434418,0
12,Subject11,window,Subject11,tensor(538),0.1566789299249649,0
12,Subject11,window,Subject11,tensor(539),0.12395502626895905,0
12,Subject11,window,Subject11,tensor(540),0.32392653822898865,0
12,Subject11,window,Subject11,tensor(541),0.5149928331375122,0
12,Subject11,window,Subject11,tensor(542),0.10080088675022125,0
12,Subject11,window,Subject11,tensor(543),0.11673867702484131,0
12,Subject11,window,Subject11,tensor(544),0.15668539702892303,0
12,Subject11,window,Subject11,tensor(545),0.47383901476860046,0
12,Subject11,window,Subject11,tensor(546),0.1355411410331726,0
12,Subject11,window,Subject11,tensor(547),0.22117358446121216,0
12,Subject11,window,Subject11,tensor(548),0.1273941993713379,0
12,Subject11,window,Subject11,tensor(549),0.30365413427352905,0
12,Subject11,window,Subject11,tensor(550),0.10422395914793015,0
12,Subject11,window,Subject11,tensor(551),0.15770286321640015,0
12,Subject11,window,Subject11,tensor(552),0.28132539987564087,0
12,Subject11,window,Subject11,tensor(553),0.48151978850364685,0
12,Subject11,window,Subject11,tensor(554),0.22364874184131622,0
12,Subject11,window,Subject11,tensor(555),0.3472422659397125,0
12,Subject11,window,Subject11,tensor(556),0.13074126839637756,0
12,Subject11,window,Subject11,tensor(557),0.5197246670722961,0
12,Subject11,window,Subject11,tensor(558),0.19127127528190613,0
12,Subject11,window,Subject11,tensor(559),0.2085878700017929,0
12,Subject11,window,Subject11,tensor(560),0.4603950083255768,0
12,Subject11,window,Subject11,tensor(561),0.3789188265800476,0
12,Subject11,window,Subject11,tensor(562),0.5001740455627441,0
12,Subject11,window,Subject11,tensor(563),0.2342209666967392,1
12,Subject11,window,Subject11,tensor(564),0.5203636884689331,1
12,Subject11,window,Subject11,tensor(565),0.3251965641975403,1
12,Subject11,window,Subject11,tensor(566),0.20301339030265808,1
12,Subject11,window,Subject11,tensor(567),0.1490861177444458,1
12,Subject11,window,Subject11,tensor(568),0.13701307773590088,1
12,Subject11,window,Subject11,tensor(569),0.4300939440727234,1
12,Subject11,window,Subject11,tensor(570),0.4732222259044647,1
12,Subject11,window,Subject11,tensor(571),0.4484224319458008,1
12,Subject11,window,Subject11,tensor(572),0.22415675222873688,1
12,Subject11,window,Subject11,tensor(573),0.13211601972579956,1
12,Subject11,window,Subject11,tensor(574),0.18040871620178223,1
13,Subject12,window,Subject12,tensor(575),0.21353277564048767,0
13,Subject12,window,Subject12,tensor(576),0.03593626990914345,0
13,Subject12,window,Subject12,tensor(577),0.5083321332931519,0
13,Subject12,window,Subject12,tensor(578),0.1334865391254425,0
13,Subject12,window,Subject12,tensor(579),0.04511535167694092,0
13,Subject12,window,Subject12,tensor(580),0.10810413956642151,0
13,Subject12,window,Subject12,tensor(581),0.08329857140779495,0
13,Subject12,window,Subject12,tensor(582),0.3448764681816101,0
13,Subject12,window,Subject12,tensor(583),0.04791761189699173,0
13,Subject12,window,Subject12,tensor(584),0.0606788769364357,0
13,Subject12,window,Subject12,tensor(585),0.0365261472761631,0
13,Subject12,window,Subject12,tensor(586),0.03275420516729355,0
13,Subject12,window,Subject12,tensor(587),0.4358232915401459,0
13,Subject12,window,Subject12,tensor(588),0.5294500589370728,0
13,Subject12,window,Subject12,tensor(589),0.03530580550432205,0
13,Subject12,window,Subject12,tensor(590),0.7548308968544006,0
13,Subject12,window,Subject12,tensor(591),0.06194077059626579,0
13,Subject12,window,Subject12,tensor(592),0.46498921513557434,0
13,Subject12,window,Subject12,tensor(593),0.0979379415512085,0
13,Subject12,window,Subject12,tensor(594),0.17762823402881622,0
13,Subject12,window,Subject12,tensor(595),0.12483876943588257,0
13,Subject12,window,Subject12,tensor(596),0.7052027583122253,0
13,Subject12,window,Subject12,tensor(597),0.25822365283966064,0
13,Subject12,window,Subject12,tensor(598),0.4555991291999817,0
13,Subject12,window,Subject12,tensor(599),0.25419333577156067,0
13,Subject12,window,Subject12,tensor(600),0.04637986049056053,0
13,Subject12,window,Subject12,tensor(601),0.47081178426742554,0
13,Subject12,window,Subject12,tensor(602),0.5585955381393433,0
13,Subject12,window,Subject12,tensor(603),0.34922659397125244,0
13,Subject12,window,Subject12,tensor(604),0.08042144775390625,0
13,Subject12,window,Subject12,tensor(605),0.2647264301776886,0
13,Subject12,window,Subject12,tensor(606),0.516103982925415,0
13,Subject12,window,Subject12,tensor(607),0.23748856782913208,0
13,Subject12,window,Subject12,tensor(608),0.1822604089975357,0
13,Subject12,window,Subject12,tensor(609),0.43834376335144043,0
13,Subject12,window,Subject12,tensor(610),0.501704752445221,0
13,Subject12,window,Subject12,tensor(611),0.538766622543335,1
13,Subject12,window,Subject12,tensor(612),0.17362944781780243,1
13,Subject12,window,Subject12,tensor(613),0.15269988775253296,1
13,Subject12,window,Subject12,tensor(614),0.04272971302270889,1
13,Subject12,window,Subject12,tensor(615),0.23791171610355377,1
13,Subject12,window,Subject12,tensor(616),0.3012743592262268,1
13,Subject12,window,Subject12,tensor(617),0.09158852696418762,1
13,Subject12,window,Subject12,tensor(618),0.23554739356040955,1
13,Subject12,window,Subject12,tensor(619),0.19800397753715515,1
13,Subject12,window,Subject12,tensor(620),0.3526707887649536,1
13,Subject12,window,Subject12,tensor(621),0.24070782959461212,1
13,Subject12,window,Subject12,tensor(622),0.15426035225391388,1
14,Subject13,window,Subject13,tensor(623),0.08495349436998367,0
14,Subject13,window,Subject13,tensor(624),0.4248952269554138,0
14,Subject13,window,Subject13,tensor(625),0.20750415325164795,0
14,Subject13,window,Subject13,tensor(626),0.2832013666629791,0
14,Subject13,window,Subject13,tensor(627),0.4651600122451782,0
14,Subject13,window,Subject13,tensor(628),0.29038819670677185,0
14,Subject13,window,Subject13,tensor(629),0.3845079243183136,0
14,Subject13,window,Subject13,tensor(630),0.056400131434202194,0
14,Subject13,window,Subject13,tensor(631),0.26740312576293945,0
14,Subject13,window,Subject13,tensor(632),0.11676904559135437,0
14,Subject13,window,Subject13,tensor(633),0.07074950635433197,0
14,Subject13,window,Subject13,tensor(634),0.07552860677242279,0
14,Subject13,window,Subject13,tensor(635),0.21841983497142792,0
14,Subject13,window,Subject13,tensor(636),0.32695409655570984,0
14,Subject13,window,Subject13,tensor(637),0.49329978227615356,0
14,Subject13,window,Subject13,tensor(638),0.11932322382926941,0
14,Subject13,window,Subject13,tensor(639),0.3652998208999634,0
14,Subject13,window,Subject13,tensor(640),0.09923522174358368,0
14,Subject13,window,Subject13,tensor(641),0.06140951067209244,0
14,Subject13,window,Subject13,tensor(642),0.10859547555446625,0
14,Subject13,window,Subject13,tensor(643),0.3000897467136383,0
14,Subject13,window,Subject13,tensor(644),0.20164640247821808,0
14,Subject13,window,Subject13,tensor(645),0.054201290011405945,0
14,Subject13,window,Subject13,tensor(646),0.19292908906936646,0
14,Subject13,window,Subject13,tensor(647),0.3186899423599243,0
14,Subject13,window,Subject13,tensor(648),0.47646209597587585,0
14,Subject13,window,Subject13,tensor(649),0.35189297795295715,0
14,Subject13,window,Subject13,tensor(650),0.2578551769256592,0
14,Subject13,window,Subject13,tensor(651),0.19866563379764557,0
14,Subject13,window,Subject13,tensor(652),0.1438034623861313,0
14,Subject13,window,Subject13,tensor(653),0.22924669086933136,0
14,Subject13,window,Subject13,tensor(654),0.39946475625038147,0
14,Subject13,window,Subject13,tensor(655),0.42937779426574707,0
14,Subject13,window,Subject13,tensor(656),0.3756420314311981,0
14,Subject13,window,Subject13,tensor(657),0.3370150625705719,0
14,Subject13,window,Subject13,tensor(658),0.10619350522756577,0
14,Subject13,window,Subject13,tensor(659),0.062390297651290894,1
14,Subject13,window,Subject13,tensor(660),0.32258984446525574,1
14,Subject13,window,Subject13,tensor(661),0.4909815192222595,1
14,Subject13,window,Subject13,tensor(662),0.4746950566768646,1
14,Subject13,window,Subject13,tensor(663),0.12581276893615723,1
14,Subject13,window,Subject13,tensor(664),0.18391519784927368,1
14,Subject13,window,Subject13,tensor(665),0.4352453052997589,1
14,Subject13,window,Subject13,tensor(666),0.2983657717704773,1
14,Subject13,window,Subject13,tensor(667),0.08891274780035019,1
14,Subject13,window,Subject13,tensor(668),0.3300134241580963,1
14,Subject13,window,Subject13,tensor(669),0.5033292174339294,1
14,Subject13,window,Subject13,tensor(670),0.3041139245033264,1
15,Subject14,window,Subject14,tensor(671),0.18393653631210327,0
15,Subject14,window,Subject14,tensor(672),0.3568854331970215,0
15,Subject14,window,Subject14,tensor(673),0.39094457030296326,0
15,Subject14,window,Subject14,tensor(674),0.3225766718387604,0
15,Subject14,window,Subject14,tensor(675),0.2628001868724823,0
15,Subject14,window,Subject14,tensor(676),0.16785037517547607,0
15,Subject14,window,Subject14,tensor(677),0.16698050498962402,0
15,Subject14,window,Subject14,tensor(678),0.10242936760187149,0
15,Subject14,window,Subject14,tensor(679),0.4624432623386383,0
15,Subject14,window,Subject14,tensor(680),0.4361095726490021,0
15,Subject14,window,Subject14,tensor(681),0.3445363938808441,0
15,Subject14,window,Subject14,tensor(682),0.24142374098300934,0
15,Subject14,window,Subject14,tensor(683),0.2049412578344345,0
15,Subject14,window,Subject14,tensor(684),0.36430659890174866,0
15,Subject14,window,Subject14,tensor(685),0.25095734000205994,0
15,Subject14,window,Subject14,tensor(686),0.16846251487731934,0
15,Subject14,window,Subject14,tensor(687),0.2694431245326996,0
15,Subject14,window,Subject14,tensor(688),0.2987455129623413,0
15,Subject14,window,Subject14,tensor(689),0.2241377979516983,0
15,Subject14,window,Subject14,tensor(690),0.21481354534626007,0
15,Subject14,window,Subject14,tensor(691),0.1530066877603531,0
15,Subject14,window,Subject14,tensor(692),0.4591064751148224,0
15,Subject14,window,Subject14,tensor(693),0.16485217213630676,0
15,Subject14,window,Subject14,tensor(694),0.18465633690357208,0
15,Subject14,window,Subject14,tensor(695),0.3513905704021454,0
15,Subject14,window,Subject14,tensor(696),0.3100076913833618,0
15,Subject14,window,Subject14,tensor(697),0.26158586144447327,0
15,Subject14,window,Subject14,tensor(698),0.37740784883499146,0
15,Subject14,window,Subject14,tensor(699),0.184650719165802,0
15,Subject14,window,Subject14,tensor(700),0.26554158329963684,0
15,Subject14,window,Subject14,tensor(701),0.44788649678230286,0
15,Subject14,window,Subject14,tensor(702),0.4014985263347626,0
15,Subject14,window,Subject14,tensor(703),0.2430804818868637,0
15,Subject14,window,Subject14,tensor(704),0.4226268231868744,0
15,Subject14,window,Subject14,tensor(705),0.22545231878757477,0
15,Subject14,window,Subject14,tensor(706),0.31199783086776733,0
15,Subject14,window,Subject14,tensor(707),0.38889041543006897,1
15,Subject14,window,Subject14,tensor(708),0.47491931915283203,1
15,Subject14,window,Subject14,tensor(709),0.15207847952842712,1
15,Subject14,window,Subject14,tensor(710),0.4240542948246002,1
15,Subject14,window,Subject14,tensor(711),0.4390946328639984,1
15,Subject14,window,Subject14,tensor(712),0.25445255637168884,1
15,Subject14,window,Subject14,tensor(713),0.2771773636341095,1
15,Subject14,window,Subject14,tensor(714),0.45158880949020386,1
15,Subject14,window,Subject14,tensor(715),0.4318503737449646,1
15,Subject14,window,Subject14,tensor(716),0.35619157552719116,1
15,Subject14,window,Subject14,tensor(717),0.4100683033466339,1
15,Subject14,window,Subject14,tensor(718),0.3797055184841156,1
16,Subject15,window,Subject15,tensor(719),0.10906930267810822,0
16,Subject15,window,Subject15,tensor(720),0.6037635803222656,0
16,Subject15,window,Subject15,tensor(721),0.4892350435256958,0
16,Subject15,window,Subject15,tensor(722),0.26354631781578064,0
16,Subject15,window,Subject15,tensor(723),0.24726034700870514,0
16,Subject15,window,Subject15,tensor(724),0.33502885699272156,0
16,Subject15,window,Subject15,tensor(725),0.3427174389362335,0
16,Subject15,window,Subject15,tensor(726),0.1634257435798645,0
16,Subject15,window,Subject15,tensor(727),0.13107214868068695,0
16,Subject15,window,Subject15,tensor(728),0.10293233394622803,0
16,Subject15,window,Subject15,tensor(729),0.5933957695960999,0
16,Subject15,window,Subject15,tensor(730),0.1281244158744812,0
16,Subject15,window,Subject15,tensor(731),0.1184772476553917,0
16,Subject15,window,Subject15,tensor(732),0.5370898842811584,0
16,Subject15,window,Subject15,tensor(733),0.205327108502388,0
16,Subject15,window,Subject15,tensor(734),0.09125269949436188,0
16,Subject15,window,Subject15,tensor(735),0.11034175008535385,0
16,Subject15,window,Subject15,tensor(736),0.0488431341946125,0
16,Subject15,window,Subject15,tensor(737),0.16806212067604065,0
16,Subject15,window,Subject15,tensor(738),0.45272296667099,0
16,Subject15,window,Subject15,tensor(739),0.38074198365211487,0
16,Subject15,window,Subject15,tensor(740),0.06522464007139206,0
16,Subject15,window,Subject15,tensor(741),0.07922124117612839,0
16,Subject15,window,Subject15,tensor(742),0.12190892547369003,0
16,Subject15,window,Subject15,tensor(743),0.06148029863834381,0
16,Subject15,window,Subject15,tensor(744),0.15633761882781982,0
16,Subject15,window,Subject15,tensor(745),0.05672524869441986,0
16,Subject15,window,Subject15,tensor(746),0.4260346293449402,0
16,Subject15,window,Subject15,tensor(747),0.2344539314508438,0
16,Subject15,window,Subject15,tensor(748),0.06025758758187294,0
16,Subject15,window,Subject15,tensor(749),0.3569111227989197,0
16,Subject15,window,Subject15,tensor(750),0.056911781430244446,0
16,Subject15,window,Subject15,tensor(751),0.058439332991838455,0
16,Subject15,window,Subject15,tensor(752),0.4252997934818268,0
16,Subject15,window,Subject15,tensor(753),0.05507057532668114,0
16,Subject15,window,Subject15,tensor(754),0.5574705600738525,0
16,Subject15,window,Subject15,tensor(755),0.4232468903064728,1
16,Subject15,window,Subject15,tensor(756),0.12055237591266632,1
16,Subject15,window,Subject15,tensor(757),0.06962843239307404,1
16,Subject15,window,Subject15,tensor(758),0.24821938574314117,1
16,Subject15,window,Subject15,tensor(759),0.3131086230278015,1
16,Subject15,window,Subject15,tensor(760),0.06849542260169983,1
16,Subject15,window,Subject15,tensor(761),0.4865707457065582,1
16,Subject15,window,Subject15,tensor(762),0.1402001678943634,1
16,Subject15,window,Subject15,tensor(763),0.20744089782238007,1
16,Subject15,window,Subject15,tensor(764),0.07718972116708755,1
16,Subject15,window,Subject15,tensor(765),0.4780173599720001,1
16,Subject15,window,Subject15,tensor(766),0.0660426914691925,1
17,Subject16,window,Subject16,tensor(767),0.36819988489151,0
17,Subject16,window,Subject16,tensor(768),0.480741024017334,0
17,Subject16,window,Subject16,tensor(769),0.035712748765945435,0
17,Subject16,window,Subject16,tensor(770),0.2969180941581726,0
17,Subject16,window,Subject16,tensor(771),0.34196537733078003,0
17,Subject16,window,Subject16,tensor(772),0.15915945172309875,0
17,Subject16,window,Subject16,tensor(773),0.5724529027938843,0
17,Subject16,window,Subject16,tensor(774),0.0488571934401989,0
17,Subject16,window,Subject16,tensor(775),0.4953564703464508,0
17,Subject16,window,Subject16,tensor(776),0.0288402047008276,0
17,Subject16,window,Subject16,tensor(777),0.16801616549491882,0
17,Subject16,window,Subject16,tensor(778),0.23023079335689545,0
17,Subject16,window,Subject16,tensor(779),0.10413111746311188,0
17,Subject16,window,Subject16,tensor(780),0.5350874066352844,0
17,Subject16,window,Subject16,tensor(781),0.3905748724937439,0
17,Subject16,window,Subject16,tensor(782),0.06290248781442642,0
17,Subject16,window,Subject16,tensor(783),0.21448597311973572,0
17,Subject16,window,Subject16,tensor(784),0.34656745195388794,0
17,Subject16,window,Subject16,tensor(785),0.5497266054153442,0
17,Subject16,window,Subject16,tensor(786),0.14583224058151245,0
17,Subject16,window,Subject16,tensor(787),0.4558925926685333,0
17,Subject16,window,Subject16,tensor(788),0.027252817526459694,0
17,Subject16,window,Subject16,tensor(789),0.5008842349052429,0
17,Subject16,window,Subject16,tensor(790),0.4005347788333893,0
17,Subject16,window,Subject16,tensor(791),0.060501907020807266,0
17,Subject16,window,Subject16,tensor(792),0.05356450751423836,0
17,Subject16,window,Subject16,tensor(793),0.19337743520736694,0
17,Subject16,window,Subject16,tensor(794),0.027004370465874672,0
17,Subject16,window,Subject16,tensor(795),0.5540127754211426,0
17,Subject16,window,Subject16,tensor(796),0.05770958587527275,0
17,Subject16,window,Subject16,tensor(797),0.2139134705066681,0
17,Subject16,window,Subject16,tensor(798),0.03555857390165329,0
17,Subject16,window,Subject16,tensor(799),0.3869917094707489,0
17,Subject16,window,Subject16,tensor(800),0.05208580568432808,0
17,Subject16,window,Subject16,tensor(801),0.055832382291555405,0
17,Subject16,window,Subject16,tensor(802),0.5200242400169373,0
17,Subject16,window,Subject16,tensor(803),0.07488889992237091,1
17,Subject16,window,Subject16,tensor(804),0.0793003961443901,1
17,Subject16,window,Subject16,tensor(805),0.1896008849143982,1
17,Subject16,window,Subject16,tensor(806),0.19331520795822144,1
17,Subject16,window,Subject16,tensor(807),0.20199547708034515,1
17,Subject16,window,Subject16,tensor(808),0.365572065114975,1
17,Subject16,window,Subject16,tensor(809),0.025487907230854034,1
17,Subject16,window,Subject16,tensor(810),0.22813895344734192,1
17,Subject16,window,Subject16,tensor(811),0.4292375445365906,1
17,Subject16,window,Subject16,tensor(812),0.3908272981643677,1
17,Subject16,window,Subject16,tensor(813),0.22374112904071808,1
17,Subject16,window,Subject16,tensor(814),0.19796112179756165,1
18,Subject17,window,Subject17,tensor(815),0.2011738270521164,0
18,Subject17,window,Subject17,tensor(816),0.21814166009426117,0
18,Subject17,window,Subject17,tensor(817),0.14326855540275574,0
18,Subject17,window,Subject17,tensor(818),0.24335376918315887,0
18,Subject17,window,Subject17,tensor(819),0.3467823565006256,0
18,Subject17,window,Subject17,tensor(820),0.16010156273841858,0
18,Subject17,window,Subject17,tensor(821),0.15962950885295868,0
18,Subject17,window,Subject17,tensor(822),0.29781484603881836,0
18,Subject17,window,Subject17,tensor(823),0.14051301777362823,0
18,Subject17,window,Subject17,tensor(824),0.3056597113609314,0
18,Subject17,window,Subject17,tensor(825),0.2520425319671631,0
18,Subject17,window,Subject17,tensor(826),0.14818254113197327,0
18,Subject17,window,Subject17,tensor(827),0.14266900718212128,0
18,Subject17,window,Subject17,tensor(828),0.47239163517951965,0
18,Subject17,window,Subject17,tensor(829),0.10830459743738174,0
18,Subject17,window,Subject17,tensor(830),0.20997726917266846,0
18,Subject17,window,Subject17,tensor(831),0.33568212389945984,0
18,Subject17,window,Subject17,tensor(832),0.1278599351644516,0
18,Subject17,window,Subject17,tensor(833),0.27335867285728455,0
18,Subject17,window,Subject17,tensor(834),0.45989662408828735,0
18,Subject17,window,Subject17,tensor(835),0.44272369146347046,0
18,Subject17,window,Subject17,tensor(836),0.14255958795547485,0
18,Subject17,window,Subject17,tensor(837),0.1487312912940979,0
18,Subject17,window,Subject17,tensor(838),0.3170183598995209,0
18,Subject17,window,Subject17,tensor(839),0.3062363862991333,0
18,Subject17,window,Subject17,tensor(840),0.12177248299121857,0
18,Subject17,window,Subject17,tensor(841),0.21794168651103973,0
18,Subject17,window,Subject17,tensor(842),0.2581571638584137,0
18,Subject17,window,Subject17,tensor(843),0.12299849838018417,0
18,Subject17,window,Subject17,tensor(844),0.11009558290243149,0
18,Subject17,window,Subject17,tensor(845),0.2526395320892334,0
18,Subject17,window,Subject17,tensor(846),0.15070205926895142,0
18,Subject17,window,Subject17,tensor(847),0.12183507531881332,0
18,Subject17,window,Subject17,tensor(848),0.1643102914094925,0
18,Subject17,window,Subject17,tensor(849),0.34435465931892395,0
18,Subject17,window,Subject17,tensor(850),0.21740089356899261,0
18,Subject17,window,Subject17,tensor(851),0.18148189783096313,1
18,Subject17,window,Subject17,tensor(852),0.31380656361579895,1
18,Subject17,window,Subject17,tensor(853),0.20000912249088287,1
18,Subject17,window,Subject17,tensor(854),0.28919634222984314,1
18,Subject17,window,Subject17,tensor(855),0.24749670922756195,1
18,Subject17,window,Subject17,tensor(856),0.45723050832748413,1
18,Subject17,window,Subject17,tensor(857),0.32900944352149963,1
18,Subject17,window,Subject17,tensor(858),0.22228077054023743,1
18,Subject17,window,Subject17,tensor(859),0.4075635075569153,1
18,Subject17,window,Subject17,tensor(860),0.47278574109077454,1
18,Subject17,window,Subject17,tensor(861),0.24781866371631622,1
18,Subject17,window,Subject17,tensor(862),0.34018397331237793,1
19,Subject18,window,Subject18,tensor(863),0.1710147261619568,0
19,Subject18,window,Subject18,tensor(864),0.17697198688983917,0
19,Subject18,window,Subject18,tensor(865),0.5689398050308228,0
19,Subject18,window,Subject18,tensor(866),0.055769797414541245,0
19,Subject18,window,Subject18,tensor(867),0.1115821897983551,0
19,Subject18,window,Subject18,tensor(868),0.17968785762786865,0
19,Subject18,window,Subject18,tensor(869),0.13696637749671936,0
19,Subject18,window,Subject18,tensor(870),0.7063925862312317,0
19,Subject18,window,Subject18,tensor(871),0.10896942019462585,0
19,Subject18,window,Subject18,tensor(872),0.37240487337112427,0
19,Subject18,window,Subject18,tensor(873),0.46586596965789795,0
19,Subject18,window,Subject18,tensor(874),0.049051910638809204,0
19,Subject18,window,Subject18,tensor(875),0.137490376830101,0
19,Subject18,window,Subject18,tensor(876),0.24296976625919342,0
19,Subject18,window,Subject18,tensor(877),0.35818493366241455,0
19,Subject18,window,Subject18,tensor(878),0.048787329345941544,0
19,Subject18,window,Subject18,tensor(879),0.1692480891942978,0
19,Subject18,window,Subject18,tensor(880),0.16199541091918945,0
19,Subject18,window,Subject18,tensor(881),0.05137885734438896,0
19,Subject18,window,Subject18,tensor(882),0.0946560651063919,0
19,Subject18,window,Subject18,tensor(883),0.03745375946164131,0
19,Subject18,window,Subject18,tensor(884),0.047528184950351715,0
19,Subject18,window,Subject18,tensor(885),0.4580714702606201,0
19,Subject18,window,Subject18,tensor(886),0.17663165926933289,0
19,Subject18,window,Subject18,tensor(887),0.07166759669780731,0
19,Subject18,window,Subject18,tensor(888),0.49703341722488403,0
19,Subject18,window,Subject18,tensor(889),0.2705595791339874,0
19,Subject18,window,Subject18,tensor(890),0.04970156401395798,0
19,Subject18,window,Subject18,tensor(891),0.6489355564117432,0
19,Subject18,window,Subject18,tensor(892),0.04541570320725441,0
19,Subject18,window,Subject18,tensor(893),0.3798447847366333,0
19,Subject18,window,Subject18,tensor(894),0.15919697284698486,0
19,Subject18,window,Subject18,tensor(895),0.7440311312675476,0
19,Subject18,window,Subject18,tensor(896),0.03956735506653786,0
19,Subject18,window,Subject18,tensor(897),0.13331618905067444,0
19,Subject18,window,Subject18,tensor(898),0.05872562527656555,0
19,Subject18,window,Subject18,tensor(899),0.5865659713745117,1
19,Subject18,window,Subject18,tensor(900),0.03609757125377655,1
19,Subject18,window,Subject18,tensor(901),0.03300202265381813,1
19,Subject18,window,Subject18,tensor(902),0.03795292600989342,1
19,Subject18,window,Subject18,tensor(903),0.4388636350631714,1
19,Subject18,window,Subject18,tensor(904),0.404172420501709,1
19,Subject18,window,Subject18,tensor(905),0.2829909026622772,1
19,Subject18,window,Subject18,tensor(906),0.18269246816635132,1
19,Subject18,window,Subject18,tensor(907),0.03789980709552765,1
19,Subject18,window,Subject18,tensor(908),0.054941143840551376,1
19,Subject18,window,Subject18,tensor(909),0.05805682763457298,1
19,Subject18,window,Subject18,tensor(910),0.7250723838806152,1
20,Subject19,window,Subject19,tensor(911),0.30919191241264343,0
20,Subject19,window,Subject19,tensor(912),0.19956639409065247,0
20,Subject19,window,Subject19,tensor(913),0.23728197813034058,0
20,Subject19,window,Subject19,tensor(914),0.41019099950790405,0
20,Subject19,window,Subject19,tensor(915),0.4034371078014374,0
20,Subject19,window,Subject19,tensor(916),0.38322436809539795,0
20,Subject19,window,Subject19,tensor(917),0.2069607824087143,0
20,Subject19,window,Subject19,tensor(918),0.4256537854671478,0
20,Subject19,window,Subject19,tensor(919),0.2526778280735016,0
20,Subject19,window,Subject19,tensor(920),0.045037880539894104,0
20,Subject19,window,Subject19,tensor(921),0.22159874439239502,0
20,Subject19,window,Subject19,tensor(922),0.3131123185157776,0
20,Subject19,window,Subject19,tensor(923),0.053908634930849075,0
20,Subject19,window,Subject19,tensor(924),0.2151426076889038,0
20,Subject19,window,Subject19,tensor(925),0.09956879168748856,0
20,Subject19,window,Subject19,tensor(926),0.1379682868719101,0
20,Subject19,window,Subject19,tensor(927),0.20361481606960297,0
20,Subject19,window,Subject19,tensor(928),0.4180942475795746,0
20,Subject19,window,Subject19,tensor(929),0.0741017758846283,0
20,Subject19,window,Subject19,tensor(930),0.1225094199180603,0
20,Subject19,window,Subject19,tensor(931),0.040043290704488754,0
20,Subject19,window,Subject19,tensor(932),0.17659562826156616,0
20,Subject19,window,Subject19,tensor(933),0.18510954082012177,0
20,Subject19,window,Subject19,tensor(934),0.41734978556632996,0
20,Subject19,window,Subject19,tensor(935),0.3377305865287781,0
20,Subject19,window,Subject19,tensor(936),0.35158947110176086,0
20,Subject19,window,Subject19,tensor(937),0.4229949712753296,0
20,Subject19,window,Subject19,tensor(938),0.41945910453796387,0
20,Subject19,window,Subject19,tensor(939),0.04855375736951828,0
20,Subject19,window,Subject19,tensor(940),0.2088576704263687,0
20,Subject19,window,Subject19,tensor(941),0.34715208411216736,0
20,Subject19,window,Subject19,tensor(942),0.05145741254091263,0
20,Subject19,window,Subject19,tensor(943),0.3877871334552765,0
20,Subject19,window,Subject19,tensor(944),0.2759682238101959,0
20,Subject19,window,Subject19,tensor(945),0.08332637697458267,0
20,Subject19,window,Subject19,tensor(946),0.27932748198509216,0
20,Subject19,window,Subject19,tensor(947),0.19100803136825562,1
20,Subject19,window,Subject19,tensor(948),0.2845330834388733,1
20,Subject19,window,Subject19,tensor(949),0.1725400984287262,1
20,Subject19,window,Subject19,tensor(950),0.11954960227012634,1
20,Subject19,window,Subject19,tensor(951),0.16001349687576294,1
20,Subject19,window,Subject19,tensor(952),0.3319329619407654,1
20,Subject19,window,Subject19,tensor(953),0.29377639293670654,1
20,Subject19,window,Subject19,tensor(954),0.4340546429157257,1
20,Subject19,window,Subject19,tensor(955),0.29523956775665283,1
20,Subject19,window,Subject19,tensor(956),0.1959395706653595,1
20,Subject19,window,Subject19,tensor(957),0.39234089851379395,1
20,Subject19,window,Subject19,tensor(958),0.15800081193447113,1
21,Subject20,window,Subject20,tensor(959),0.046951375901699066,0
21,Subject20,window,Subject20,tensor(960),0.01590878888964653,0
21,Subject20,window,Subject20,tensor(961),0.05372745171189308,0
21,Subject20,window,Subject20,tensor(962),0.3757108747959137,0
21,Subject20,window,Subject20,tensor(963),0.047455329447984695,0
21,Subject20,window,Subject20,tensor(964),0.6475813388824463,0
21,Subject20,window,Subject20,tensor(965),0.03340236097574234,0
21,Subject20,window,Subject20,tensor(966),0.03730425983667374,0
21,Subject20,window,Subject20,tensor(967),0.025877907872200012,0
21,Subject20,window,Subject20,tensor(968),0.48134106397628784,0
21,Subject20,window,Subject20,tensor(969),0.5519919991493225,0
21,Subject20,window,Subject20,tensor(970),0.37125638127326965,0
21,Subject20,window,Subject20,tensor(971),0.020747371017932892,0
21,Subject20,window,Subject20,tensor(972),0.017109958454966545,0
21,Subject20,window,Subject20,tensor(973),0.18921369314193726,0
21,Subject20,window,Subject20,tensor(974),0.015399053692817688,0
21,Subject20,window,Subject20,tensor(975),0.021710367873311043,0
21,Subject20,window,Subject20,tensor(976),0.33887121081352234,0
21,Subject20,window,Subject20,tensor(977),0.3684687912464142,0
21,Subject20,window,Subject20,tensor(978),0.2875780165195465,0
21,Subject20,window,Subject20,tensor(979),0.09126165509223938,0
21,Subject20,window,Subject20,tensor(980),0.08559657633304596,0
21,Subject20,window,Subject20,tensor(981),0.47107669711112976,0
21,Subject20,window,Subject20,tensor(982),0.2792463004589081,0
21,Subject20,window,Subject20,tensor(983),0.10445479303598404,0
21,Subject20,window,Subject20,tensor(984),0.2968781590461731,0
21,Subject20,window,Subject20,tensor(985),0.19071340560913086,0
21,Subject20,window,Subject20,tensor(986),0.0375794991850853,0
21,Subject20,window,Subject20,tensor(987),0.27162718772888184,0
21,Subject20,window,Subject20,tensor(988),0.16894099116325378,0
21,Subject20,window,Subject20,tensor(989),0.43887966871261597,0
21,Subject20,window,Subject20,tensor(990),0.07926739752292633,0
21,Subject20,window,Subject20,tensor(991),0.018346136435866356,0
21,Subject20,window,Subject20,tensor(992),0.0969262346625328,0
21,Subject20,window,Subject20,tensor(993),0.07516419887542725,0
21,Subject20,window,Subject20,tensor(994),0.35486212372779846,0
21,Subject20,window,Subject20,tensor(995),0.01663234643638134,1
21,Subject20,window,Subject20,tensor(996),0.11426074802875519,1
21,Subject20,window,Subject20,tensor(997),0.2796110510826111,1
21,Subject20,window,Subject20,tensor(998),0.023879719898104668,1
21,Subject20,window,Subject20,tensor(999),0.015589609742164612,1
21,Subject20,window,Subject20,tensor(1000),0.2004966139793396,1
21,Subject20,window,Subject20,tensor(1001),0.0950808897614479,1
21,Subject20,window,Subject20,tensor(1002),0.15490782260894775,1
21,Subject20,window,Subject20,tensor(1003),0.1728758066892624,1
21,Subject20,window,Subject20,tensor(1004),0.9002928137779236,1
21,Subject20,window,Subject20,tensor(1005),0.39655235409736633,1
21,Subject20,window,Subject20,tensor(1006),0.03248599171638489,1
22,Subject21,window,Subject21,tensor(1007),0.15412022173404694,0
22,Subject21,window,Subject21,tensor(1008),0.10570661723613739,0
22,Subject21,window,Subject21,tensor(1009),0.43278902769088745,0
22,Subject21,window,Subject21,tensor(1010),0.11370106041431427,0
22,Subject21,window,Subject21,tensor(1011),0.46698492765426636,0
22,Subject21,window,Subject21,tensor(1012),0.453856885433197,0
22,Subject21,window,Subject21,tensor(1013),0.4305901825428009,0
22,Subject21,window,Subject21,tensor(1014),0.49340566992759705,0
22,Subject21,window,Subject21,tensor(1015),0.4428059160709381,0
22,Subject21,window,Subject21,tensor(1016),0.07668428868055344,0
22,Subject21,window,Subject21,tensor(1017),0.11622653156518936,0
22,Subject21,window,Subject21,tensor(1018),0.22926554083824158,0
22,Subject21,window,Subject21,tensor(1019),0.164755180478096,0
22,Subject21,window,Subject21,tensor(1020),0.351729154586792,0
22,Subject21,window,Subject21,tensor(1021),0.438733845949173,0
22,Subject21,window,Subject21,tensor(1022),0.11921488493680954,0
22,Subject21,window,Subject21,tensor(1023),0.07448718696832657,0
22,Subject21,window,Subject21,tensor(1024),0.46016716957092285,0
22,Subject21,window,Subject21,tensor(1025),0.4228074550628662,0
22,Subject21,window,Subject21,tensor(1026),0.08206642419099808,0
22,Subject21,window,Subject21,tensor(1027),0.22531932592391968,0
22,Subject21,window,Subject21,tensor(1028),0.5222427845001221,0
22,Subject21,window,Subject21,tensor(1029),0.07423064857721329,0
22,Subject21,window,Subject21,tensor(1030),0.5163050293922424,0
22,Subject21,window,Subject21,tensor(1031),0.3844866454601288,0
22,Subject21,window,Subject21,tensor(1032),0.18997809290885925,0
22,Subject21,window,Subject21,tensor(1033),0.1122598797082901,0
22,Subject21,window,Subject21,tensor(1034),0.3797604739665985,0
22,Subject21,window,Subject21,tensor(1035),0.17725472152233124,0
22,Subject21,window,Subject21,tensor(1036),0.07639997452497482,0
22,Subject21,window,Subject21,tensor(1037),0.27951014041900635,0
22,Subject21,window,Subject21,tensor(1038),0.20941376686096191,0
22,Subject21,window,Subject21,tensor(1039),0.3153575658798218,0
22,Subject21,window,Subject21,tensor(1040),0.3966728150844574,0
22,Subject21,window,Subject21,tensor(1041),0.16085655987262726,0
22,Subject21,window,Subject21,tensor(1042),0.09928395599126816,0
22,Subject21,window,Subject21,tensor(1043),0.21837164461612701,1
22,Subject21,window,Subject21,tensor(1044),0.05753437802195549,1
22,Subject21,window,Subject21,tensor(1045),0.12468432635068893,1
22,Subject21,window,Subject21,tensor(1046),0.11650165915489197,1
22,Subject21,window,Subject21,tensor(1047),0.0917372927069664,1
22,Subject21,window,Subject21,tensor(1048),0.3598867356777191,1
22,Subject21,window,Subject21,tensor(1049),0.09166370332241058,1
22,Subject21,window,Subject21,tensor(1050),0.15405572950839996,1
22,Subject21,window,Subject21,tensor(1051),0.09158338606357574,1
22,Subject21,window,Subject21,tensor(1052),0.37497395277023315,1
22,Subject21,window,Subject21,tensor(1053),0.3484257161617279,1
22,Subject21,window,Subject21,tensor(1054),0.1900838166475296,1
23,Subject22,window,Subject22,tensor(1055),0.3545880615711212,0
23,Subject22,window,Subject22,tensor(1056),0.3231430947780609,0
23,Subject22,window,Subject22,tensor(1057),0.056841734796762466,0
23,Subject22,window,Subject22,tensor(1058),0.268066942691803,0
23,Subject22,window,Subject22,tensor(1059),0.06466834247112274,0
23,Subject22,window,Subject22,tensor(1060),0.049381859600543976,0
23,Subject22,window,Subject22,tensor(1061),0.16517674922943115,0
23,Subject22,window,Subject22,tensor(1062),0.191677063703537,0
23,Subject22,window,Subject22,tensor(1063),0.06885401159524918,0
23,Subject22,window,Subject22,tensor(1064),0.15415501594543457,0
23,Subject22,window,Subject22,tensor(1065),0.41551047563552856,0
23,Subject22,window,Subject22,tensor(1066),0.08237443119287491,0
23,Subject22,window,Subject22,tensor(1067),0.2620208263397217,0
23,Subject22,window,Subject22,tensor(1068),0.054520267993211746,0
23,Subject22,window,Subject22,tensor(1069),0.04415317624807358,0
23,Subject22,window,Subject22,tensor(1070),0.11374951153993607,0
23,Subject22,window,Subject22,tensor(1071),0.09779664874076843,0
23,Subject22,window,Subject22,tensor(1072),0.1536000818014145,0
23,Subject22,window,Subject22,tensor(1073),0.052703581750392914,0
23,Subject22,window,Subject22,tensor(1074),0.3533972203731537,0
23,Subject22,window,Subject22,tensor(1075),0.15640319883823395,0
23,Subject22,window,Subject22,tensor(1076),0.12018363177776337,0
23,Subject22,window,Subject22,tensor(1077),0.08708160370588303,0
23,Subject22,window,Subject22,tensor(1078),0.0753588080406189,0
23,Subject22,window,Subject22,tensor(1079),0.08368460834026337,0
23,Subject22,window,Subject22,tensor(1080),0.09552673995494843,0
23,Subject22,window,Subject22,tensor(1081),0.053555719554424286,0
23,Subject22,window,Subject22,tensor(1082),0.10173585265874863,0
23,Subject22,window,Subject22,tensor(1083),0.22263984382152557,0
23,Subject22,window,Subject22,tensor(1084),0.3959723711013794,0
23,Subject22,window,Subject22,tensor(1085),0.268826961517334,0
23,Subject22,window,Subject22,tensor(1086),0.3139745593070984,0
23,Subject22,window,Subject22,tensor(1087),0.3315563201904297,0
23,Subject22,window,Subject22,tensor(1088),0.27433422207832336,0
23,Subject22,window,Subject22,tensor(1089),0.23139123618602753,0
23,Subject22,window,Subject22,tensor(1090),0.2989615201950073,0
23,Subject22,window,Subject22,tensor(1091),0.05949802324175835,1
23,Subject22,window,Subject22,tensor(1092),0.06368707865476608,1
23,Subject22,window,Subject22,tensor(1093),0.4049297869205475,1
23,Subject22,window,Subject22,tensor(1094),0.08212632685899734,1
23,Subject22,window,Subject22,tensor(1095),0.17386537790298462,1
23,Subject22,window,Subject22,tensor(1096),0.06725889444351196,1
23,Subject22,window,Subject22,tensor(1097),0.08312232792377472,1
23,Subject22,window,Subject22,tensor(1098),0.42383086681365967,1
23,Subject22,window,Subject22,tensor(1099),0.2821942865848541,1
23,Subject22,window,Subject22,tensor(1100),0.2255060374736786,1
23,Subject22,window,Subject22,tensor(1101),0.33535411953926086,1
23,Subject22,window,Subject22,tensor(1102),0.18909180164337158,1
24,Subject23,window,Subject23,tensor(1103),0.34325993061065674,0
24,Subject23,window,Subject23,tensor(1104),0.08006513863801956,0
24,Subject23,window,Subject23,tensor(1105),0.10122712701559067,0
24,Subject23,window,Subject23,tensor(1106),0.345090389251709,0
24,Subject23,window,Subject23,tensor(1107),0.08754675090312958,0
24,Subject23,window,Subject23,tensor(1108),0.14055128395557404,0
24,Subject23,window,Subject23,tensor(1109),0.26474979519844055,0
24,Subject23,window,Subject23,tensor(1110),0.17736321687698364,0
24,Subject23,window,Subject23,tensor(1111),0.17008863389492035,0
24,Subject23,window,Subject23,tensor(1112),0.4399930238723755,0
24,Subject23,window,Subject23,tensor(1113),0.2730884850025177,0
24,Subject23,window,Subject23,tensor(1114),0.3207193613052368,0
24,Subject23,window,Subject23,tensor(1115),0.16551464796066284,0
24,Subject23,window,Subject23,tensor(1116),0.19316501915454865,0
24,Subject23,window,Subject23,tensor(1117),0.1387198269367218,0
24,Subject23,window,Subject23,tensor(1118),0.1418195366859436,0
24,Subject23,window,Subject23,tensor(1119),0.08192174136638641,0
24,Subject23,window,Subject23,tensor(1120),0.1446315497159958,0
24,Subject23,window,Subject23,tensor(1121),0.22385574877262115,0
24,Subject23,window,Subject23,tensor(1122),0.10719667375087738,0
24,Subject23,window,Subject23,tensor(1123),0.08112937957048416,0
24,Subject23,window,Subject23,tensor(1124),0.15663398802280426,0
24,Subject23,window,Subject23,tensor(1125),0.11178793758153915,0
24,Subject23,window,Subject23,tensor(1126),0.2663033604621887,0
24,Subject23,window,Subject23,tensor(1127),0.38365575671195984,0
24,Subject23,window,Subject23,tensor(1128),0.09058784693479538,0
24,Subject23,window,Subject23,tensor(1129),0.39284583926200867,0
24,Subject23,window,Subject23,tensor(1130),0.07572007179260254,0
24,Subject23,window,Subject23,tensor(1131),0.5093661546707153,0
24,Subject23,window,Subject23,tensor(1132),0.08062342554330826,0
24,Subject23,window,Subject23,tensor(1133),0.07725376635789871,0
24,Subject23,window,Subject23,tensor(1134),0.2840961515903473,0
24,Subject23,window,Subject23,tensor(1135),0.07881394028663635,0
24,Subject23,window,Subject23,tensor(1136),0.13421401381492615,0
24,Subject23,window,Subject23,tensor(1137),0.17223279178142548,0
24,Subject23,window,Subject23,tensor(1138),0.09453354775905609,0
24,Subject23,window,Subject23,tensor(1139),0.5101584196090698,1
24,Subject23,window,Subject23,tensor(1140),0.07616408169269562,1
24,Subject23,window,Subject23,tensor(1141),0.21042875945568085,1
24,Subject23,window,Subject23,tensor(1142),0.3595593273639679,1
24,Subject23,window,Subject23,tensor(1143),0.1578511744737625,1
24,Subject23,window,Subject23,tensor(1144),0.4047735631465912,1
24,Subject23,window,Subject23,tensor(1145),0.1389152705669403,1
24,Subject23,window,Subject23,tensor(1146),0.26311948895454407,1
24,Subject23,window,Subject23,tensor(1147),0.07857351750135422,1
24,Subject23,window,Subject23,tensor(1148),0.45434632897377014,1
24,Subject23,window,Subject23,tensor(1149),0.1881006956100464,1
24,Subject23,window,Subject23,tensor(1150),0.2517533004283905,1
25,Subject24,window,Subject24,tensor(1151),0.12269105017185211,0
25,Subject24,window,Subject24,tensor(1152),0.1037854328751564,0
25,Subject24,window,Subject24,tensor(1153),0.101053386926651,0
25,Subject24,window,Subject24,tensor(1154),0.17177270352840424,0
25,Subject24,window,Subject24,tensor(1155),0.4487805664539337,0
25,Subject24,window,Subject24,tensor(1156),0.17576833069324493,0
25,Subject24,window,Subject24,tensor(1157),0.2511611878871918,0
25,Subject24,window,Subject24,tensor(1158),0.20993897318840027,0
25,Subject24,window,Subject24,tensor(1159),0.16380958259105682,0
25,Subject24,window,Subject24,tensor(1160),0.26299557089805603,0
25,Subject24,window,Subject24,tensor(1161),0.2222699224948883,0
25,Subject24,window,Subject24,tensor(1162),0.4175155460834503,0
25,Subject24,window,Subject24,tensor(1163),0.10311400145292282,0
25,Subject24,window,Subject24,tensor(1164),0.2117519974708557,0
25,Subject24,window,Subject24,tensor(1165),0.11662101000547409,0
25,Subject24,window,Subject24,tensor(1166),0.11287684738636017,0
25,Subject24,window,Subject24,tensor(1167),0.2984876036643982,0
25,Subject24,window,Subject24,tensor(1168),0.2768799066543579,0
25,Subject24,window,Subject24,tensor(1169),0.3040192723274231,0
25,Subject24,window,Subject24,tensor(1170),0.21312031149864197,0
25,Subject24,window,Subject24,tensor(1171),0.12145810574293137,0
25,Subject24,window,Subject24,tensor(1172),0.32254236936569214,0
25,Subject24,window,Subject24,tensor(1173),0.20467689633369446,0
25,Subject24,window,Subject24,tensor(1174),0.09918168187141418,0
25,Subject24,window,Subject24,tensor(1175),0.1499052792787552,0
25,Subject24,window,Subject24,tensor(1176),0.15012751519680023,0
25,Subject24,window,Subject24,tensor(1177),0.11380808055400848,0
25,Subject24,window,Subject24,tensor(1178),0.3918716311454773,0
25,Subject24,window,Subject24,tensor(1179),0.33359554409980774,0
25,Subject24,window,Subject24,tensor(1180),0.1956082284450531,0
25,Subject24,window,Subject24,tensor(1181),0.13247208297252655,0
25,Subject24,window,Subject24,tensor(1182),0.16204833984375,0
25,Subject24,window,Subject24,tensor(1183),0.13676601648330688,0
25,Subject24,window,Subject24,tensor(1184),0.14084716141223907,0
25,Subject24,window,Subject24,tensor(1185),0.22451235353946686,0
25,Subject24,window,Subject24,tensor(1186),0.3002966642379761,0
25,Subject24,window,Subject24,tensor(1187),0.12681980431079865,1
25,Subject24,window,Subject24,tensor(1188),0.42844778299331665,1
25,Subject24,window,Subject24,tensor(1189),0.3185690641403198,1
25,Subject24,window,Subject24,tensor(1190),0.23325872421264648,1
25,Subject24,window,Subject24,tensor(1191),0.19789764285087585,1
25,Subject24,window,Subject24,tensor(1192),0.14874352514743805,1
25,Subject24,window,Subject24,tensor(1193),0.5081788301467896,1
25,Subject24,window,Subject24,tensor(1194),0.23888784646987915,1
25,Subject24,window,Subject24,tensor(1195),0.12007405608892441,1
25,Subject24,window,Subject24,tensor(1196),0.3887093663215637,1
25,Subject24,window,Subject24,tensor(1197),0.2768869996070862,1
25,Subject24,window,Subject24,tensor(1198),0.11064314097166061,1
26,Subject25,window,Subject25,tensor(1199),0.08470044285058975,0
26,Subject25,window,Subject25,tensor(1200),0.49278655648231506,0
26,Subject25,window,Subject25,tensor(1201),0.06614751368761063,0
26,Subject25,window,Subject25,tensor(1202),0.07152338325977325,0
26,Subject25,window,Subject25,tensor(1203),0.08205445855855942,0
26,Subject25,window,Subject25,tensor(1204),0.7645555734634399,0
26,Subject25,window,Subject25,tensor(1205),0.6518310308456421,0
26,Subject25,window,Subject25,tensor(1206),0.10215827077627182,0
26,Subject25,window,Subject25,tensor(1207),0.1117311418056488,0
26,Subject25,window,Subject25,tensor(1208),0.10863975435495377,0
26,Subject25,window,Subject25,tensor(1209),0.634981632232666,0
26,Subject25,window,Subject25,tensor(1210),0.07907237857580185,0
26,Subject25,window,Subject25,tensor(1211),0.12960904836654663,0
26,Subject25,window,Subject25,tensor(1212),0.25493136048316956,0
26,Subject25,window,Subject25,tensor(1213),0.12235057353973389,0
26,Subject25,window,Subject25,tensor(1214),0.18433406949043274,0
26,Subject25,window,Subject25,tensor(1215),0.07219260185956955,0
26,Subject25,window,Subject25,tensor(1216),0.08861248195171356,0
26,Subject25,window,Subject25,tensor(1217),0.752133846282959,0
26,Subject25,window,Subject25,tensor(1218),0.13205969333648682,0
26,Subject25,window,Subject25,tensor(1219),0.17029958963394165,0
26,Subject25,window,Subject25,tensor(1220),0.23415639996528625,0
26,Subject25,window,Subject25,tensor(1221),0.12440787255764008,0
26,Subject25,window,Subject25,tensor(1222),0.12439848482608795,0
26,Subject25,window,Subject25,tensor(1223),0.06928107887506485,0
26,Subject25,window,Subject25,tensor(1224),0.08082850277423859,0
26,Subject25,window,Subject25,tensor(1225),0.5087587833404541,0
26,Subject25,window,Subject25,tensor(1226),0.14738085865974426,0
26,Subject25,window,Subject25,tensor(1227),0.1297631412744522,0
26,Subject25,window,Subject25,tensor(1228),0.1008818969130516,0
26,Subject25,window,Subject25,tensor(1229),0.23454686999320984,0
26,Subject25,window,Subject25,tensor(1230),0.071735680103302,0
26,Subject25,window,Subject25,tensor(1231),0.11423051357269287,0
26,Subject25,window,Subject25,tensor(1232),0.13914534449577332,0
26,Subject25,window,Subject25,tensor(1233),0.2836131453514099,0
26,Subject25,window,Subject25,tensor(1234),0.44470733404159546,0
26,Subject25,window,Subject25,tensor(1235),0.09338788688182831,1
26,Subject25,window,Subject25,tensor(1236),0.3554138243198395,1
26,Subject25,window,Subject25,tensor(1237),0.7387027144432068,1
26,Subject25,window,Subject25,tensor(1238),0.06937311589717865,1
26,Subject25,window,Subject25,tensor(1239),0.641572892665863,1
26,Subject25,window,Subject25,tensor(1240),0.11678803712129593,1
26,Subject25,window,Subject25,tensor(1241),0.07990346848964691,1
26,Subject25,window,Subject25,tensor(1242),0.12076473236083984,1
26,Subject25,window,Subject25,tensor(1243),0.25877633690834045,1
26,Subject25,window,Subject25,tensor(1244),0.14134521782398224,1
26,Subject25,window,Subject25,tensor(1245),0.4142659902572632,1
26,Subject25,window,Subject25,tensor(1246),0.510958194732666,1
27,Subject26,window,Subject26,tensor(1247),0.3408680260181427,0
27,Subject26,window,Subject26,tensor(1248),0.02978510782122612,0
27,Subject26,window,Subject26,tensor(1249),0.3917655646800995,0
27,Subject26,window,Subject26,tensor(1250),0.08745650202035904,0
27,Subject26,window,Subject26,tensor(1251),0.28822949528694153,0
27,Subject26,window,Subject26,tensor(1252),0.462311714887619,0
27,Subject26,window,Subject26,tensor(1253),0.3357712924480438,0
27,Subject26,window,Subject26,tensor(1254),0.10379361361265182,0
27,Subject26,window,Subject26,tensor(1255),0.36807650327682495,0
27,Subject26,window,Subject26,tensor(1256),0.31776800751686096,0
27,Subject26,window,Subject26,tensor(1257),0.45802825689315796,0
27,Subject26,window,Subject26,tensor(1258),0.03230242058634758,0
27,Subject26,window,Subject26,tensor(1259),0.46192795038223267,0
27,Subject26,window,Subject26,tensor(1260),0.12587666511535645,0
27,Subject26,window,Subject26,tensor(1261),0.3565817177295685,0
27,Subject26,window,Subject26,tensor(1262),0.04761911928653717,0
27,Subject26,window,Subject26,tensor(1263),0.3093092739582062,0
27,Subject26,window,Subject26,tensor(1264),0.2130335569381714,0
27,Subject26,window,Subject26,tensor(1265),0.40479424595832825,0
27,Subject26,window,Subject26,tensor(1266),0.0759861096739769,0
27,Subject26,window,Subject26,tensor(1267),0.07502831518650055,0
27,Subject26,window,Subject26,tensor(1268),0.14509981870651245,0
27,Subject26,window,Subject26,tensor(1269),0.3326917290687561,0
27,Subject26,window,Subject26,tensor(1270),0.08487166464328766,0
27,Subject26,window,Subject26,tensor(1271),0.11581118404865265,0
27,Subject26,window,Subject26,tensor(1272),0.033477671444416046,0
27,Subject26,window,Subject26,tensor(1273),0.05658499523997307,0
27,Subject26,window,Subject26,tensor(1274),0.17667178809642792,0
27,Subject26,window,Subject26,tensor(1275),0.028520477935671806,0
27,Subject26,window,Subject26,tensor(1276),0.09456236660480499,0
27,Subject26,window,Subject26,tensor(1277),0.1378377079963684,0
27,Subject26,window,Subject26,tensor(1278),0.10170572251081467,0
27,Subject26,window,Subject26,tensor(1279),0.48153236508369446,0
27,Subject26,window,Subject26,tensor(1280),0.4297281503677368,0
27,Subject26,window,Subject26,tensor(1281),0.4256247580051422,0
27,Subject26,window,Subject26,tensor(1282),0.05242915078997612,0
27,Subject26,window,Subject26,tensor(1283),0.29258328676223755,1
27,Subject26,window,Subject26,tensor(1284),0.0692627876996994,1
27,Subject26,window,Subject26,tensor(1285),0.02966231480240822,1
27,Subject26,window,Subject26,tensor(1286),0.04222572594881058,1
27,Subject26,window,Subject26,tensor(1287),0.5317482352256775,1
27,Subject26,window,Subject26,tensor(1288),0.4897770881652832,1
27,Subject26,window,Subject26,tensor(1289),0.039905790239572525,1
27,Subject26,window,Subject26,tensor(1290),0.3519614338874817,1
27,Subject26,window,Subject26,tensor(1291),0.10515627264976501,1
27,Subject26,window,Subject26,tensor(1292),0.18192805349826813,1
27,Subject26,window,Subject26,tensor(1293),0.20941764116287231,1
27,Subject26,window,Subject26,tensor(1294),0.1434810310602188,1
28,Subject27,window,Subject27,tensor(1295),0.27914589643478394,0
28,Subject27,window,Subject27,tensor(1296),0.19829347729682922,0
28,Subject27,window,Subject27,tensor(1297),0.2597576081752777,0
28,Subject27,window,Subject27,tensor(1298),0.331050306558609,0
28,Subject27,window,Subject27,tensor(1299),0.31159985065460205,0
28,Subject27,window,Subject27,tensor(1300),0.22473476827144623,0
28,Subject27,window,Subject27,tensor(1301),0.20342110097408295,0
28,Subject27,window,Subject27,tensor(1302),0.22015699744224548,0
28,Subject27,window,Subject27,tensor(1303),0.2572067975997925,0
28,Subject27,window,Subject27,tensor(1304),0.29832836985588074,0
28,Subject27,window,Subject27,tensor(1305),0.2748619019985199,0
28,Subject27,window,Subject27,tensor(1306),0.22720658779144287,0
28,Subject27,window,Subject27,tensor(1307),0.17155204713344574,0
28,Subject27,window,Subject27,tensor(1308),0.2592247724533081,0
28,Subject27,window,Subject27,tensor(1309),0.2213272750377655,0
28,Subject27,window,Subject27,tensor(1310),0.36415091156959534,0
28,Subject27,window,Subject27,tensor(1311),0.20354843139648438,0
28,Subject27,window,Subject27,tensor(1312),0.1873246431350708,0
28,Subject27,window,Subject27,tensor(1313),0.20986045897006989,0
28,Subject27,window,Subject27,tensor(1314),0.25155675411224365,0
28,Subject27,window,Subject27,tensor(1315),0.24679256975650787,0
28,Subject27,window,Subject27,tensor(1316),0.20225951075553894,0
28,Subject27,window,Subject27,tensor(1317),0.2746712267398834,0
28,Subject27,window,Subject27,tensor(1318),0.3291821777820587,0
28,Subject27,window,Subject27,tensor(1319),0.30008143186569214,0
28,Subject27,window,Subject27,tensor(1320),0.19475118815898895,0
28,Subject27,window,Subject27,tensor(1321),0.3347069025039673,0
28,Subject27,window,Subject27,tensor(1322),0.300446093082428,0
28,Subject27,window,Subject27,tensor(1323),0.23660443723201752,0
28,Subject27,window,Subject27,tensor(1324),0.23044897615909576,0
28,Subject27,window,Subject27,tensor(1325),0.21624533832073212,0
28,Subject27,window,Subject27,tensor(1326),0.1982170194387436,0
28,Subject27,window,Subject27,tensor(1327),0.2514076232910156,0
28,Subject27,window,Subject27,tensor(1328),0.3573806881904602,0
28,Subject27,window,Subject27,tensor(1329),0.26026153564453125,0
28,Subject27,window,Subject27,tensor(1330),0.2957018315792084,0
28,Subject27,window,Subject27,tensor(1331),0.17854757606983185,1
28,Subject27,window,Subject27,tensor(1332),0.23614619672298431,1
28,Subject27,window,Subject27,tensor(1333),0.18903551995754242,1
28,Subject27,window,Subject27,tensor(1334),0.27361494302749634,1
28,Subject27,window,Subject27,tensor(1335),0.2027825564146042,1
28,Subject27,window,Subject27,tensor(1336),0.2193886637687683,1
28,Subject27,window,Subject27,tensor(1337),0.3779844641685486,1
28,Subject27,window,Subject27,tensor(1338),0.2160465270280838,1
28,Subject27,window,Subject27,tensor(1339),0.1953059434890747,1
28,Subject27,window,Subject27,tensor(1340),0.2175314575433731,1
28,Subject27,window,Subject27,tensor(1341),0.2855548858642578,1
28,Subject27,window,Subject27,tensor(1342),0.22545725107192993,1
29,Subject28,window,Subject28,tensor(1343),0.14239977300167084,0
29,Subject28,window,Subject28,tensor(1344),0.2984570264816284,0
29,Subject28,window,Subject28,tensor(1345),0.3326190412044525,0
29,Subject28,window,Subject28,tensor(1346),0.41360101103782654,0
29,Subject28,window,Subject28,tensor(1347),0.43770307302474976,0
29,Subject28,window,Subject28,tensor(1348),0.06722798943519592,0
29,Subject28,window,Subject28,tensor(1349),0.12304234504699707,0
29,Subject28,window,Subject28,tensor(1350),0.04505372419953346,0
29,Subject28,window,Subject28,tensor(1351),0.02668958716094494,0
29,Subject28,window,Subject28,tensor(1352),0.22057011723518372,0
29,Subject28,window,Subject28,tensor(1353),0.7300127148628235,0
29,Subject28,window,Subject28,tensor(1354),0.09106437861919403,0
29,Subject28,window,Subject28,tensor(1355),0.6773663759231567,0
29,Subject28,window,Subject28,tensor(1356),0.26029548048973083,0
29,Subject28,window,Subject28,tensor(1357),0.06016835197806358,0
29,Subject28,window,Subject28,tensor(1358),0.21964560449123383,0
29,Subject28,window,Subject28,tensor(1359),0.05918462574481964,0
29,Subject28,window,Subject28,tensor(1360),0.03170597553253174,0
29,Subject28,window,Subject28,tensor(1361),0.6260395646095276,0
29,Subject28,window,Subject28,tensor(1362),0.578766405582428,0
29,Subject28,window,Subject28,tensor(1363),0.19068022072315216,0
29,Subject28,window,Subject28,tensor(1364),0.24470703303813934,0
29,Subject28,window,Subject28,tensor(1365),0.4296185374259949,0
29,Subject28,window,Subject28,tensor(1366),0.07304150611162186,0
29,Subject28,window,Subject28,tensor(1367),0.0439082495868206,0
29,Subject28,window,Subject28,tensor(1368),0.04650772735476494,0
29,Subject28,window,Subject28,tensor(1369),0.11056370288133621,0
29,Subject28,window,Subject28,tensor(1370),0.1381566822528839,0
29,Subject28,window,Subject28,tensor(1371),0.1623670607805252,0
29,Subject28,window,Subject28,tensor(1372),0.7168548703193665,0
29,Subject28,window,Subject28,tensor(1373),0.025190360844135284,0
29,Subject28,window,Subject28,tensor(1374),0.08801431953907013,0
29,Subject28,window,Subject28,tensor(1375),0.2078452855348587,0
29,Subject28,window,Subject28,tensor(1376),0.5881637930870056,0
29,Subject28,window,Subject28,tensor(1377),0.6034749150276184,0
29,Subject28,window,Subject28,tensor(1378),0.026343541219830513,0
29,Subject28,window,Subject28,tensor(1379),0.27404943108558655,1
29,Subject28,window,Subject28,tensor(1380),0.06623980402946472,1
29,Subject28,window,Subject28,tensor(1381),0.04284576326608658,1
29,Subject28,window,Subject28,tensor(1382),0.4776587188243866,1
29,Subject28,window,Subject28,tensor(1383),0.7009387612342834,1
29,Subject28,window,Subject28,tensor(1384),0.39581573009490967,1
29,Subject28,window,Subject28,tensor(1385),0.15136131644248962,1
29,Subject28,window,Subject28,tensor(1386),0.4830252230167389,1
29,Subject28,window,Subject28,tensor(1387),0.40224382281303406,1
29,Subject28,window,Subject28,tensor(1388),0.5448966026306152,1
29,Subject28,window,Subject28,tensor(1389),0.5184361934661865,1
29,Subject28,window,Subject28,tensor(1390),0.038555603474378586,1
30,Subject29,window,Subject29,tensor(1391),0.4335763156414032,0
30,Subject29,window,Subject29,tensor(1392),0.22940969467163086,0
30,Subject29,window,Subject29,tensor(1393),0.18951790034770966,0
30,Subject29,window,Subject29,tensor(1394),0.10812503844499588,0
30,Subject29,window,Subject29,tensor(1395),0.27799171209335327,0
30,Subject29,window,Subject29,tensor(1396),0.07199472188949585,0
30,Subject29,window,Subject29,tensor(1397),0.10702323913574219,0
30,Subject29,window,Subject29,tensor(1398),0.4636448323726654,0
30,Subject29,window,Subject29,tensor(1399),0.6376413702964783,0
30,Subject29,window,Subject29,tensor(1400),0.26011204719543457,0
30,Subject29,window,Subject29,tensor(1401),0.21217511594295502,0
30,Subject29,window,Subject29,tensor(1402),0.0787954330444336,0
30,Subject29,window,Subject29,tensor(1403),0.19880880415439606,0
30,Subject29,window,Subject29,tensor(1404),0.5012991428375244,0
30,Subject29,window,Subject29,tensor(1405),0.6695541143417358,0
30,Subject29,window,Subject29,tensor(1406),0.22440391778945923,0
30,Subject29,window,Subject29,tensor(1407),0.16117259860038757,0
30,Subject29,window,Subject29,tensor(1408),0.12085754424333572,0
30,Subject29,window,Subject29,tensor(1409),0.054351307451725006,0
30,Subject29,window,Subject29,tensor(1410),0.098003089427948,0
30,Subject29,window,Subject29,tensor(1411),0.31836748123168945,0
30,Subject29,window,Subject29,tensor(1412),0.1805562824010849,0
30,Subject29,window,Subject29,tensor(1413),0.36193493008613586,0
30,Subject29,window,Subject29,tensor(1414),0.0784512385725975,0
30,Subject29,window,Subject29,tensor(1415),0.05273740738630295,0
30,Subject29,window,Subject29,tensor(1416),0.148825541138649,0
30,Subject29,window,Subject29,tensor(1417),0.3768121898174286,0
30,Subject29,window,Subject29,tensor(1418),0.07046768069267273,0
30,Subject29,window,Subject29,tensor(1419),0.19069698452949524,0
30,Subject29,window,Subject29,tensor(1420),0.15191440284252167,0
30,Subject29,window,Subject29,tensor(1421),0.17385585606098175,0
30,Subject29,window,Subject29,tensor(1422),0.3689177930355072,0
30,Subject29,window,Subject29,tensor(1423),0.5307050943374634,0
30,Subject29,window,Subject29,tensor(1424),0.11006835848093033,0
30,Subject29,window,Subject29,tensor(1425),0.2596277892589569,0
30,Subject29,window,Subject29,tensor(1426),0.6967944502830505,0
30,Subject29,window,Subject29,tensor(1427),0.07220890372991562,1
30,Subject29,window,Subject29,tensor(1428),0.37872201204299927,1
30,Subject29,window,Subject29,tensor(1429),0.3770659267902374,1
30,Subject29,window,Subject29,tensor(1430),0.2228843718767166,1
30,Subject29,window,Subject29,tensor(1431),0.07248172163963318,1
30,Subject29,window,Subject29,tensor(1432),0.17011436820030212,1
30,Subject29,window,Subject29,tensor(1433),0.15532416105270386,1
30,Subject29,window,Subject29,tensor(1434),0.1852954924106598,1
30,Subject29,window,Subject29,tensor(1435),0.30836907029151917,1
30,Subject29,window,Subject29,tensor(1436),0.4837529957294464,1
30,Subject29,window,Subject29,tensor(1437),0.0606289766728878,1
30,Subject29,window,Subject29,tensor(1438),0.15059615671634674,1
31,Subject30,window,Subject30,tensor(1439),0.08443668484687805,0
31,Subject30,window,Subject30,tensor(1440),0.2801314890384674,0
31,Subject30,window,Subject30,tensor(1441),0.08455292880535126,0
31,Subject30,window,Subject30,tensor(1442),0.3098646104335785,0
31,Subject30,window,Subject30,tensor(1443),0.4822841286659241,0
31,Subject30,window,Subject30,tensor(1444),0.5201570987701416,0
31,Subject30,window,Subject30,tensor(1445),0.2981436252593994,0
31,Subject30,window,Subject30,tensor(1446),0.32363995909690857,0
31,Subject30,window,Subject30,tensor(1447),0.47359499335289,0
31,Subject30,window,Subject30,tensor(1448),0.4034964144229889,0
31,Subject30,window,Subject30,tensor(1449),0.28175655007362366,0
31,Subject30,window,Subject30,tensor(1450),0.1904425472021103,0
31,Subject30,window,Subject30,tensor(1451),0.06399324536323547,0
31,Subject30,window,Subject30,tensor(1452),0.4252954423427582,0
31,Subject30,window,Subject30,tensor(1453),0.46632465720176697,0
31,Subject30,window,Subject30,tensor(1454),0.2922150790691376,0
31,Subject30,window,Subject30,tensor(1455),0.4697144627571106,0
31,Subject30,window,Subject30,tensor(1456),0.3461763560771942,0
31,Subject30,window,Subject30,tensor(1457),0.38138481974601746,0
31,Subject30,window,Subject30,tensor(1458),0.1031094491481781,0
31,Subject30,window,Subject30,tensor(1459),0.342733770608902,0
31,Subject30,window,Subject30,tensor(1460),0.23142032325267792,0
31,Subject30,window,Subject30,tensor(1461),0.4088593125343323,0
31,Subject30,window,Subject30,tensor(1462),0.2658540904521942,0
31,Subject30,window,Subject30,tensor(1463),0.34661707282066345,0
31,Subject30,window,Subject30,tensor(1464),0.08939535170793533,0
31,Subject30,window,Subject30,tensor(1465),0.3225076496601105,0
31,Subject30,window,Subject30,tensor(1466),0.12122633308172226,0
31,Subject30,window,Subject30,tensor(1467),0.1436496376991272,0
31,Subject30,window,Subject30,tensor(1468),0.4116014838218689,0
31,Subject30,window,Subject30,tensor(1469),0.1040017157793045,0
31,Subject30,window,Subject30,tensor(1470),0.40784764289855957,0
31,Subject30,window,Subject30,tensor(1471),0.08332298696041107,0
31,Subject30,window,Subject30,tensor(1472),0.10572527348995209,0
31,Subject30,window,Subject30,tensor(1473),0.11117241531610489,0
31,Subject30,window,Subject30,tensor(1474),0.25835534930229187,0
31,Subject30,window,Subject30,tensor(1475),0.33584046363830566,1
31,Subject30,window,Subject30,tensor(1476),0.34931737184524536,1
31,Subject30,window,Subject30,tensor(1477),0.08728205412626266,1
31,Subject30,window,Subject30,tensor(1478),0.07920839637517929,1
31,Subject30,window,Subject30,tensor(1479),0.08336003124713898,1
31,Subject30,window,Subject30,tensor(1480),0.10492449998855591,1
31,Subject30,window,Subject30,tensor(1481),0.5915060639381409,1
31,Subject30,window,Subject30,tensor(1482),0.07409562170505524,1
31,Subject30,window,Subject30,tensor(1483),0.1388670802116394,1
31,Subject30,window,Subject30,tensor(1484),0.5434638261795044,1
31,Subject30,window,Subject30,tensor(1485),0.35678374767303467,1
31,Subject30,window,Subject30,tensor(1486),0.2181817889213562,1
32,Subject31,window,Subject31,tensor(1487),0.49546951055526733,0
32,Subject31,window,Subject31,tensor(1488),0.37574177980422974,0
32,Subject31,window,Subject31,tensor(1489),0.06462178379297256,0
32,Subject31,window,Subject31,tensor(1490),0.02676723152399063,0
32,Subject31,window,Subject31,tensor(1491),0.3932431638240814,0
32,Subject31,window,Subject31,tensor(1492),0.3300481140613556,0
32,Subject31,window,Subject31,tensor(1493),0.175362229347229,0
32,Subject31,window,Subject31,tensor(1494),0.06423212587833405,0
32,Subject31,window,Subject31,tensor(1495),0.08549275994300842,0
32,Subject31,window,Subject31,tensor(1496),0.042791157960891724,0
32,Subject31,window,Subject31,tensor(1497),0.3294292092323303,0
32,Subject31,window,Subject31,tensor(1498),0.26660028100013733,0
32,Subject31,window,Subject31,tensor(1499),0.4546692669391632,0
32,Subject31,window,Subject31,tensor(1500),0.1290682703256607,0
32,Subject31,window,Subject31,tensor(1501),0.2508910596370697,0
32,Subject31,window,Subject31,tensor(1502),0.47074541449546814,0
32,Subject31,window,Subject31,tensor(1503),0.3048195242881775,1
32,Subject31,window,Subject31,tensor(1504),0.13798485696315765,1
32,Subject31,window,Subject31,tensor(1505),0.05374545603990555,1
32,Subject31,window,Subject31,tensor(1506),0.34711581468582153,1
32,Subject31,window,Subject31,tensor(1507),0.45218437910079956,1
32,Subject31,window,Subject31,tensor(1508),0.4115317165851593,1
32,Subject31,window,Subject31,tensor(1509),0.07661841064691544,1
32,Subject31,window,Subject31,tensor(1510),0.21867278218269348,1
32,Subject31,window,Subject31,tensor(1511),0.41094937920570374,1
32,Subject31,window,Subject31,tensor(1512),0.026882780715823174,1
32,Subject31,window,Subject31,tensor(1513),0.28823143243789673,1
32,Subject31,window,Subject31,tensor(1514),0.4487800896167755,1
33,Subject32,window,Subject32,tensor(1515),0.08982884883880615,0
33,Subject32,window,Subject32,tensor(1516),0.23925992846488953,0
33,Subject32,window,Subject32,tensor(1517),0.1854078471660614,0
33,Subject32,window,Subject32,tensor(1518),0.6501577496528625,0
33,Subject32,window,Subject32,tensor(1519),0.2153274118900299,0
33,Subject32,window,Subject32,tensor(1520),0.15261851251125336,0
33,Subject32,window,Subject32,tensor(1521),0.1851092278957367,0
33,Subject32,window,Subject32,tensor(1522),0.710824728012085,0
33,Subject32,window,Subject32,tensor(1523),0.2814151644706726,0
33,Subject32,window,Subject32,tensor(1524),0.10916291177272797,0
33,Subject32,window,Subject32,tensor(1525),0.1251721829175949,0
33,Subject32,window,Subject32,tensor(1526),0.10075508803129196,0
33,Subject32,window,Subject32,tensor(1527),0.6912182569503784,0
33,Subject32,window,Subject32,tensor(1528),0.10311421006917953,0
33,Subject32,window,Subject32,tensor(1529),0.17420919239521027,0
33,Subject32,window,Subject32,tensor(1530),0.12312982231378555,0
33,Subject32,window,Subject32,tensor(1531),0.1787065863609314,0
33,Subject32,window,Subject32,tensor(1532),0.0890505388379097,0
33,Subject32,window,Subject32,tensor(1533),0.3808571696281433,0
33,Subject32,window,Subject32,tensor(1534),0.13594062626361847,0
33,Subject32,window,Subject32,tensor(1535),0.11596156656742096,0
33,Subject32,window,Subject32,tensor(1536),0.13221485912799835,0
33,Subject32,window,Subject32,tensor(1537),0.42072662711143494,0
33,Subject32,window,Subject32,tensor(1538),0.4043472707271576,0
33,Subject32,window,Subject32,tensor(1539),0.2200223207473755,0
33,Subject32,window,Subject32,tensor(1540),0.1160803884267807,0
33,Subject32,window,Subject32,tensor(1541),0.1750471442937851,0
33,Subject32,window,Subject32,tensor(1542),0.15250757336616516,0
33,Subject32,window,Subject32,tensor(1543),0.13086505234241486,0
33,Subject32,window,Subject32,tensor(1544),0.30533045530319214,0
33,Subject32,window,Subject32,tensor(1545),0.30477988719940186,0
33,Subject32,window,Subject32,tensor(1546),0.17470501363277435,0
33,Subject32,window,Subject32,tensor(1547),0.1944022923707962,0
33,Subject32,window,Subject32,tensor(1548),0.3086576759815216,0
33,Subject32,window,Subject32,tensor(1549),0.26517367362976074,0
33,Subject32,window,Subject32,tensor(1550),0.20062991976737976,0
33,Subject32,window,Subject32,tensor(1551),0.09735875576734543,1
33,Subject32,window,Subject32,tensor(1552),0.1547185629606247,1
33,Subject32,window,Subject32,tensor(1553),0.32412922382354736,1
33,Subject32,window,Subject32,tensor(1554),0.12838688492774963,1
33,Subject32,window,Subject32,tensor(1555),0.460044801235199,1
33,Subject32,window,Subject32,tensor(1556),0.1838725507259369,1
33,Subject32,window,Subject32,tensor(1557),0.47422951459884644,1
33,Subject32,window,Subject32,tensor(1558),0.17800280451774597,1
33,Subject32,window,Subject32,tensor(1559),0.2931257486343384,1
33,Subject32,window,Subject32,tensor(1560),0.24717776477336884,1
33,Subject32,window,Subject32,tensor(1561),0.18285299837589264,1
33,Subject32,window,Subject32,tensor(1562),0.19617050886154175,1
34,Subject33,window,Subject33,tensor(1563),0.22573961317539215,0
34,Subject33,window,Subject33,tensor(1564),0.05270523205399513,0
34,Subject33,window,Subject33,tensor(1565),0.12944908440113068,0
34,Subject33,window,Subject33,tensor(1566),0.6450276374816895,0
34,Subject33,window,Subject33,tensor(1567),0.6640324592590332,0
34,Subject33,window,Subject33,tensor(1568),0.035033222287893295,0
34,Subject33,window,Subject33,tensor(1569),0.3922033905982971,0
34,Subject33,window,Subject33,tensor(1570),0.0671890377998352,0
34,Subject33,window,Subject33,tensor(1571),0.0972767174243927,0
34,Subject33,window,Subject33,tensor(1572),0.03427769988775253,0
34,Subject33,window,Subject33,tensor(1573),0.7044814229011536,0
34,Subject33,window,Subject33,tensor(1574),0.03935236483812332,0
34,Subject33,window,Subject33,tensor(1575),0.7301987409591675,0
34,Subject33,window,Subject33,tensor(1576),0.09031813591718674,0
34,Subject33,window,Subject33,tensor(1577),0.6702461838722229,0
34,Subject33,window,Subject33,tensor(1578),0.03342456743121147,0
34,Subject33,window,Subject33,tensor(1579),0.026974083855748177,0
34,Subject33,window,Subject33,tensor(1580),0.6353785395622253,0
34,Subject33,window,Subject33,tensor(1581),0.15959785878658295,0
34,Subject33,window,Subject33,tensor(1582),0.6624744534492493,0
34,Subject33,window,Subject33,tensor(1583),0.4024392068386078,0
34,Subject33,window,Subject33,tensor(1584),0.1412642002105713,0
34,Subject33,window,Subject33,tensor(1585),0.03222058713436127,0
34,Subject33,window,Subject33,tensor(1586),0.041151996701955795,0
34,Subject33,window,Subject33,tensor(1587),0.06598776578903198,0
34,Subject33,window,Subject33,tensor(1588),0.6985064744949341,0
34,Subject33,window,Subject33,tensor(1589),0.598731517791748,0
34,Subject33,window,Subject33,tensor(1590),0.03893585130572319,0
34,Subject33,window,Subject33,tensor(1591),0.025787360966205597,0
34,Subject33,window,Subject33,tensor(1592),0.666074812412262,0
34,Subject33,window,Subject33,tensor(1593),0.09106794744729996,0
34,Subject33,window,Subject33,tensor(1594),0.04069329798221588,0
34,Subject33,window,Subject33,tensor(1595),0.025009922683238983,0
34,Subject33,window,Subject33,tensor(1596),0.025256384164094925,0
34,Subject33,window,Subject33,tensor(1597),0.04570171236991882,0
34,Subject33,window,Subject33,tensor(1598),0.038396239280700684,0
34,Subject33,window,Subject33,tensor(1599),0.3794780969619751,1
34,Subject33,window,Subject33,tensor(1600),0.05323107913136482,1
34,Subject33,window,Subject33,tensor(1601),0.47827789187431335,1
34,Subject33,window,Subject33,tensor(1602),0.11175345629453659,1
34,Subject33,window,Subject33,tensor(1603),0.06145299971103668,1
34,Subject33,window,Subject33,tensor(1604),0.028687233105301857,1
34,Subject33,window,Subject33,tensor(1605),0.04355476796627045,1
34,Subject33,window,Subject33,tensor(1606),0.032889220863580704,1
34,Subject33,window,Subject33,tensor(1607),0.7439775466918945,1
34,Subject33,window,Subject33,tensor(1608),0.31600046157836914,1
34,Subject33,window,Subject33,tensor(1609),0.6299102306365967,1
34,Subject33,window,Subject33,tensor(1610),0.06500907987356186,1
35,Subject34,window,Subject34,tensor(1611),0.2952169179916382,0
35,Subject34,window,Subject34,tensor(1612),0.07476715743541718,0
35,Subject34,window,Subject34,tensor(1613),0.45103752613067627,0
35,Subject34,window,Subject34,tensor(1614),0.259738951921463,0
35,Subject34,window,Subject34,tensor(1615),0.27877119183540344,0
35,Subject34,window,Subject34,tensor(1616),0.2712005376815796,0
35,Subject34,window,Subject34,tensor(1617),0.04778607562184334,0
35,Subject34,window,Subject34,tensor(1618),0.4392930865287781,0
35,Subject34,window,Subject34,tensor(1619),0.5067110657691956,0
35,Subject34,window,Subject34,tensor(1620),0.49387529492378235,0
35,Subject34,window,Subject34,tensor(1621),0.36388957500457764,0
35,Subject34,window,Subject34,tensor(1622),0.5593221783638,0
35,Subject34,window,Subject34,tensor(1623),0.10130024701356888,0
35,Subject34,window,Subject34,tensor(1624),0.5876758694648743,0
35,Subject34,window,Subject34,tensor(1625),0.42217692732810974,0
35,Subject34,window,Subject34,tensor(1626),0.13871018588542938,0
35,Subject34,window,Subject34,tensor(1627),0.5827157497406006,0
35,Subject34,window,Subject34,tensor(1628),0.07303043454885483,0
35,Subject34,window,Subject34,tensor(1629),0.33686286211013794,0
35,Subject34,window,Subject34,tensor(1630),0.03550054132938385,0
35,Subject34,window,Subject34,tensor(1631),0.45073172450065613,0
35,Subject34,window,Subject34,tensor(1632),0.09523524343967438,0
35,Subject34,window,Subject34,tensor(1633),0.21195848286151886,0
35,Subject34,window,Subject34,tensor(1634),0.15763597190380096,0
35,Subject34,window,Subject34,tensor(1635),0.07002805173397064,0
35,Subject34,window,Subject34,tensor(1636),0.6009401082992554,0
35,Subject34,window,Subject34,tensor(1637),0.2934754490852356,0
35,Subject34,window,Subject34,tensor(1638),0.08011258393526077,0
35,Subject34,window,Subject34,tensor(1639),0.32213401794433594,0
35,Subject34,window,Subject34,tensor(1640),0.10139696300029755,0
35,Subject34,window,Subject34,tensor(1641),0.10675164312124252,0
35,Subject34,window,Subject34,tensor(1642),0.09895312041044235,0
35,Subject34,window,Subject34,tensor(1643),0.1889563798904419,0
35,Subject34,window,Subject34,tensor(1644),0.36124497652053833,0
35,Subject34,window,Subject34,tensor(1645),0.09077249467372894,0
35,Subject34,window,Subject34,tensor(1646),0.5459537506103516,0
35,Subject34,window,Subject34,tensor(1647),0.149470716714859,1
35,Subject34,window,Subject34,tensor(1648),0.37608179450035095,1
35,Subject34,window,Subject34,tensor(1649),0.1486337035894394,1
35,Subject34,window,Subject34,tensor(1650),0.506044328212738,1
35,Subject34,window,Subject34,tensor(1651),0.0893830806016922,1
35,Subject34,window,Subject34,tensor(1652),0.5356525778770447,1
35,Subject34,window,Subject34,tensor(1653),0.3345744013786316,1
35,Subject34,window,Subject34,tensor(1654),0.06425687670707703,1
35,Subject34,window,Subject34,tensor(1655),0.08364791423082352,1
35,Subject34,window,Subject34,tensor(1656),0.09579243510961533,1
35,Subject34,window,Subject34,tensor(1657),0.25937914848327637,1
35,Subject34,window,Subject34,tensor(1658),0.273041695356369,1
36,Subject35,window,Subject35,tensor(1659),0.3396633267402649,0
36,Subject35,window,Subject35,tensor(1660),0.33510154485702515,0
36,Subject35,window,Subject35,tensor(1661),0.2950555384159088,0
36,Subject35,window,Subject35,tensor(1662),0.3096488118171692,0
36,Subject35,window,Subject35,tensor(1663),0.2944793105125427,0
36,Subject35,window,Subject35,tensor(1664),0.29855287075042725,0
36,Subject35,window,Subject35,tensor(1665),0.31636133790016174,0
36,Subject35,window,Subject35,tensor(1666),0.302579402923584,0
36,Subject35,window,Subject35,tensor(1667),0.3405905067920685,0
36,Subject35,window,Subject35,tensor(1668),0.30398738384246826,0
36,Subject35,window,Subject35,tensor(1669),0.3195740878582001,0
36,Subject35,window,Subject35,tensor(1670),0.343201607465744,0
36,Subject35,window,Subject35,tensor(1671),0.3031724989414215,0
36,Subject35,window,Subject35,tensor(1672),0.30511367321014404,0
36,Subject35,window,Subject35,tensor(1673),0.36085209250450134,0
36,Subject35,window,Subject35,tensor(1674),0.31813928484916687,0
36,Subject35,window,Subject35,tensor(1675),0.3139781355857849,0
36,Subject35,window,Subject35,tensor(1676),0.340849906206131,0
36,Subject35,window,Subject35,tensor(1677),0.30294886231422424,0
36,Subject35,window,Subject35,tensor(1678),0.34197860956192017,0
36,Subject35,window,Subject35,tensor(1679),0.29352694749832153,0
36,Subject35,window,Subject35,tensor(1680),0.30213025212287903,0
36,Subject35,window,Subject35,tensor(1681),0.29050078988075256,0
36,Subject35,window,Subject35,tensor(1682),0.3566199839115143,0
36,Subject35,window,Subject35,tensor(1683),0.29778411984443665,0
36,Subject35,window,Subject35,tensor(1684),0.3483067750930786,0
36,Subject35,window,Subject35,tensor(1685),0.32088544964790344,0
36,Subject35,window,Subject35,tensor(1686),0.3114555776119232,0
36,Subject35,window,Subject35,tensor(1687),0.31941327452659607,0
36,Subject35,window,Subject35,tensor(1688),0.3647729158401489,0
36,Subject35,window,Subject35,tensor(1689),0.309417188167572,0
36,Subject35,window,Subject35,tensor(1690),0.295878142118454,0
36,Subject35,window,Subject35,tensor(1691),0.3318288326263428,0
36,Subject35,window,Subject35,tensor(1692),0.31554996967315674,0
36,Subject35,window,Subject35,tensor(1693),0.2973075211048126,0
36,Subject35,window,Subject35,tensor(1694),0.2894240915775299,0
36,Subject35,window,Subject35,tensor(1695),0.3475443422794342,1
36,Subject35,window,Subject35,tensor(1696),0.31200480461120605,1
36,Subject35,window,Subject35,tensor(1697),0.3276396691799164,1
36,Subject35,window,Subject35,tensor(1698),0.342609703540802,1
36,Subject35,window,Subject35,tensor(1699),0.31836628913879395,1
36,Subject35,window,Subject35,tensor(1700),0.34821340441703796,1
36,Subject35,window,Subject35,tensor(1701),0.3057403266429901,1
36,Subject35,window,Subject35,tensor(1702),0.31179526448249817,1
36,Subject35,window,Subject35,tensor(1703),0.3846774101257324,1
36,Subject35,window,Subject35,tensor(1704),0.294186532497406,1
36,Subject35,window,Subject35,tensor(1705),0.31597772240638733,1
36,Subject35,window,Subject35,tensor(1706),0.3136788606643677,1
