metric,mean,std
acc,0.68215379448881,0.1797255592201712
f1,0.5316132650824503,0.18375896769426867
roc_auc,0.6966632047693118,0.26155082728814405
mcc,0.18098441338481094,0.3239016312895548
