acc,f1,roc_auc,mcc
0.7076742823667252,0.434881087202718,0.7190214233841684,0.23794913845840768
