metric,mean,std
acc,0.6735129752301353,0.1944477722986571
f1,0.5112586925359744,0.19072994540384802
roc_auc,0.6970458553791887,0.2965492015326425
mcc,0.14243882377778727,0.34361045143129765
