acc,f1,roc_auc,mcc
0.6697247706422018,0.4206008583690987,0.6842252223608156,0.20126989893191538
