fold,test_subject,eval_unit,subject,window_idx,prob,target
1,Subject00,window,Subject00,tensor(0),0.5811687111854553,0
1,Subject00,window,Subject00,tensor(1),0.38377922773361206,0
1,Subject00,window,Subject00,tensor(2),0.46627840399742126,0
1,Subject00,window,Subject00,tensor(3),0.4654161334037781,0
1,Subject00,window,Subject00,tensor(4),0.6776190400123596,0
1,Subject00,window,Subject00,tensor(5),0.4278438687324524,0
1,Subject00,window,Subject00,tensor(6),0.4655229449272156,0
1,Subject00,window,Subject00,tensor(7),0.5178813338279724,0
1,Subject00,window,Subject00,tensor(8),0.461899071931839,0
1,Subject00,window,Subject00,tensor(9),0.41068920493125916,0
1,Subject00,window,Subject00,tensor(10),0.17583617568016052,0
1,Subject00,window,Subject00,tensor(11),0.5488609075546265,0
1,Subject00,window,Subject00,tensor(12),0.17209862172603607,0
1,Subject00,window,Subject00,tensor(13),0.3573579788208008,0
1,Subject00,window,Subject00,tensor(14),0.030904186889529228,0
1,Subject00,window,Subject00,tensor(15),0.043573424220085144,0
1,Subject00,window,Subject00,tensor(16),0.1375119686126709,0
1,Subject00,window,Subject00,tensor(17),0.6719470620155334,0
1,Subject00,window,Subject00,tensor(18),0.26806360483169556,0
1,Subject00,window,Subject00,tensor(19),0.09686494618654251,0
1,Subject00,window,Subject00,tensor(20),0.11198334395885468,0
1,Subject00,window,Subject00,tensor(21),0.659977912902832,0
1,Subject00,window,Subject00,tensor(22),0.11093058437108994,0
1,Subject00,window,Subject00,tensor(23),0.6717330813407898,0
1,Subject00,window,Subject00,tensor(24),0.5752722024917603,0
1,Subject00,window,Subject00,tensor(25),0.06345812976360321,0
1,Subject00,window,Subject00,tensor(26),0.06279647350311279,0
1,Subject00,window,Subject00,tensor(27),0.5409731864929199,0
1,Subject00,window,Subject00,tensor(28),0.0299784354865551,0
1,Subject00,window,Subject00,tensor(29),0.04787213355302811,0
1,Subject00,window,Subject00,tensor(30),0.6345116496086121,0
1,Subject00,window,Subject00,tensor(31),0.5839537382125854,0
1,Subject00,window,Subject00,tensor(32),0.04875916615128517,0
1,Subject00,window,Subject00,tensor(33),0.030657263472676277,0
1,Subject00,window,Subject00,tensor(34),0.05529286712408066,0
1,Subject00,window,Subject00,tensor(35),0.570572018623352,1
1,Subject00,window,Subject00,tensor(36),0.6665385961532593,1
1,Subject00,window,Subject00,tensor(37),0.06124197319149971,1
1,Subject00,window,Subject00,tensor(38),0.4786803126335144,1
1,Subject00,window,Subject00,tensor(39),0.1761186420917511,1
1,Subject00,window,Subject00,tensor(40),0.10593929141759872,1
1,Subject00,window,Subject00,tensor(41),0.034412775188684464,1
1,Subject00,window,Subject00,tensor(42),0.3729454576969147,1
1,Subject00,window,Subject00,tensor(43),0.2967558801174164,1
1,Subject00,window,Subject00,tensor(44),0.6529380679130554,1
1,Subject00,window,Subject00,tensor(45),0.45765092968940735,1
2,Subject01,window,Subject01,tensor(46),0.6808727383613586,0
2,Subject01,window,Subject01,tensor(47),0.6915022134780884,0
2,Subject01,window,Subject01,tensor(48),0.5048919916152954,0
2,Subject01,window,Subject01,tensor(49),0.35389402508735657,0
2,Subject01,window,Subject01,tensor(50),0.31952112913131714,0
2,Subject01,window,Subject01,tensor(51),0.08169662207365036,0
2,Subject01,window,Subject01,tensor(52),0.47920292615890503,0
2,Subject01,window,Subject01,tensor(53),0.6694257259368896,0
2,Subject01,window,Subject01,tensor(54),0.39437177777290344,0
2,Subject01,window,Subject01,tensor(55),0.32330599427223206,0
2,Subject01,window,Subject01,tensor(56),0.0857204869389534,0
2,Subject01,window,Subject01,tensor(57),0.08066511899232864,0
2,Subject01,window,Subject01,tensor(58),0.12405389547348022,0
2,Subject01,window,Subject01,tensor(59),0.4348400831222534,0
2,Subject01,window,Subject01,tensor(60),0.4719095826148987,0
2,Subject01,window,Subject01,tensor(61),0.16757647693157196,0
2,Subject01,window,Subject01,tensor(62),0.3125365078449249,0
2,Subject01,window,Subject01,tensor(63),0.24499942362308502,0
2,Subject01,window,Subject01,tensor(64),0.10253045707941055,0
2,Subject01,window,Subject01,tensor(65),0.09288948029279709,0
2,Subject01,window,Subject01,tensor(66),0.20772795379161835,0
2,Subject01,window,Subject01,tensor(67),0.19144785404205322,0
2,Subject01,window,Subject01,tensor(68),0.3656958043575287,0
2,Subject01,window,Subject01,tensor(69),0.17127946019172668,0
2,Subject01,window,Subject01,tensor(70),0.2743813097476959,0
2,Subject01,window,Subject01,tensor(71),0.09569849818944931,0
2,Subject01,window,Subject01,tensor(72),0.11221127957105637,0
2,Subject01,window,Subject01,tensor(73),0.48578977584838867,0
2,Subject01,window,Subject01,tensor(74),0.5437057614326477,0
2,Subject01,window,Subject01,tensor(75),0.5833059549331665,0
2,Subject01,window,Subject01,tensor(76),0.5351114869117737,0
2,Subject01,window,Subject01,tensor(77),0.19298692047595978,0
2,Subject01,window,Subject01,tensor(78),0.6160595417022705,0
2,Subject01,window,Subject01,tensor(79),0.25576138496398926,0
2,Subject01,window,Subject01,tensor(80),0.16992953419685364,0
2,Subject01,window,Subject01,tensor(81),0.3353523910045624,1
2,Subject01,window,Subject01,tensor(82),0.18645764887332916,1
2,Subject01,window,Subject01,tensor(83),0.40923476219177246,1
2,Subject01,window,Subject01,tensor(84),0.5494349598884583,1
2,Subject01,window,Subject01,tensor(85),0.3965035378932953,1
2,Subject01,window,Subject01,tensor(86),0.36388760805130005,1
2,Subject01,window,Subject01,tensor(87),0.408714234828949,1
2,Subject01,window,Subject01,tensor(88),0.1797851175069809,1
2,Subject01,window,Subject01,tensor(89),0.1128976047039032,1
2,Subject01,window,Subject01,tensor(90),0.5230622291564941,1
2,Subject01,window,Subject01,tensor(91),0.5658111572265625,1
3,Subject02,window,Subject02,tensor(92),0.11985396593809128,0
3,Subject02,window,Subject02,tensor(93),0.6817867755889893,0
3,Subject02,window,Subject02,tensor(94),0.7069064974784851,0
3,Subject02,window,Subject02,tensor(95),0.8405346274375916,0
3,Subject02,window,Subject02,tensor(96),0.3721078634262085,0
3,Subject02,window,Subject02,tensor(97),0.8458769917488098,0
3,Subject02,window,Subject02,tensor(98),0.03701019287109375,0
3,Subject02,window,Subject02,tensor(99),0.017635207623243332,0
3,Subject02,window,Subject02,tensor(100),0.017017370089888573,0
3,Subject02,window,Subject02,tensor(101),0.3622055947780609,0
3,Subject02,window,Subject02,tensor(102),0.5848650932312012,0
3,Subject02,window,Subject02,tensor(103),0.08407185226678848,0
3,Subject02,window,Subject02,tensor(104),0.7049402594566345,0
3,Subject02,window,Subject02,tensor(105),0.04528810828924179,0
3,Subject02,window,Subject02,tensor(106),0.14435119926929474,0
3,Subject02,window,Subject02,tensor(107),0.01642506569623947,0
3,Subject02,window,Subject02,tensor(108),0.016215084120631218,0
3,Subject02,window,Subject02,tensor(109),0.019770050421357155,0
3,Subject02,window,Subject02,tensor(110),0.7092687487602234,0
3,Subject02,window,Subject02,tensor(111),0.019805967807769775,0
3,Subject02,window,Subject02,tensor(112),0.8198124766349792,0
3,Subject02,window,Subject02,tensor(113),0.6142008900642395,0
3,Subject02,window,Subject02,tensor(114),0.521419882774353,0
3,Subject02,window,Subject02,tensor(115),0.7440903186798096,0
3,Subject02,window,Subject02,tensor(116),0.35647717118263245,0
3,Subject02,window,Subject02,tensor(117),0.023634325712919235,0
3,Subject02,window,Subject02,tensor(118),0.5402910709381104,0
3,Subject02,window,Subject02,tensor(119),0.029330994933843613,0
3,Subject02,window,Subject02,tensor(120),0.017135286703705788,0
3,Subject02,window,Subject02,tensor(121),0.02609913796186447,0
3,Subject02,window,Subject02,tensor(122),0.020404035225510597,0
3,Subject02,window,Subject02,tensor(123),0.043257977813482285,0
3,Subject02,window,Subject02,tensor(124),0.6914797425270081,0
3,Subject02,window,Subject02,tensor(125),0.8020099401473999,0
3,Subject02,window,Subject02,tensor(126),0.8167142271995544,0
3,Subject02,window,Subject02,tensor(127),0.01603945530951023,1
3,Subject02,window,Subject02,tensor(128),0.01600027084350586,1
3,Subject02,window,Subject02,tensor(129),0.21977712213993073,1
3,Subject02,window,Subject02,tensor(130),0.020795004442334175,1
3,Subject02,window,Subject02,tensor(131),0.024924952536821365,1
3,Subject02,window,Subject02,tensor(132),0.05270961672067642,1
3,Subject02,window,Subject02,tensor(133),0.6769257187843323,1
3,Subject02,window,Subject02,tensor(134),0.020860645920038223,1
3,Subject02,window,Subject02,tensor(135),0.07943568378686905,1
3,Subject02,window,Subject02,tensor(136),0.01605643332004547,1
3,Subject02,window,Subject02,tensor(137),0.017251968383789062,1
4,Subject03,window,Subject03,tensor(138),0.6982852816581726,0
4,Subject03,window,Subject03,tensor(139),0.6699487566947937,0
4,Subject03,window,Subject03,tensor(140),0.06979328393936157,0
4,Subject03,window,Subject03,tensor(141),0.4741421341896057,0
4,Subject03,window,Subject03,tensor(142),0.3320380449295044,0
4,Subject03,window,Subject03,tensor(143),0.035219479352235794,0
4,Subject03,window,Subject03,tensor(144),0.12566012144088745,0
4,Subject03,window,Subject03,tensor(145),0.06695763021707535,0
4,Subject03,window,Subject03,tensor(146),0.03850521519780159,0
4,Subject03,window,Subject03,tensor(147),0.024151170626282692,0
4,Subject03,window,Subject03,tensor(148),0.44412726163864136,0
4,Subject03,window,Subject03,tensor(149),0.7502917051315308,0
4,Subject03,window,Subject03,tensor(150),0.7460878491401672,0
4,Subject03,window,Subject03,tensor(151),0.4375874698162079,0
4,Subject03,window,Subject03,tensor(152),0.6960978507995605,0
4,Subject03,window,Subject03,tensor(153),0.35058480501174927,0
4,Subject03,window,Subject03,tensor(154),0.5913212895393372,0
4,Subject03,window,Subject03,tensor(155),0.7434698939323425,0
4,Subject03,window,Subject03,tensor(156),0.5055499076843262,0
4,Subject03,window,Subject03,tensor(157),0.6563313603401184,0
4,Subject03,window,Subject03,tensor(158),0.5711326003074646,0
4,Subject03,window,Subject03,tensor(159),0.032180145382881165,0
4,Subject03,window,Subject03,tensor(160),0.7002677321434021,0
4,Subject03,window,Subject03,tensor(161),0.14668910205364227,0
4,Subject03,window,Subject03,tensor(162),0.08438927680253983,0
4,Subject03,window,Subject03,tensor(163),0.06348277628421783,0
4,Subject03,window,Subject03,tensor(164),0.06342897564172745,0
4,Subject03,window,Subject03,tensor(165),0.6448293924331665,0
4,Subject03,window,Subject03,tensor(166),0.15979278087615967,0
4,Subject03,window,Subject03,tensor(167),0.4363166391849518,0
4,Subject03,window,Subject03,tensor(168),0.7432416081428528,0
4,Subject03,window,Subject03,tensor(169),0.7445918917655945,0
4,Subject03,window,Subject03,tensor(170),0.7528418898582458,0
4,Subject03,window,Subject03,tensor(171),0.5290993452072144,0
4,Subject03,window,Subject03,tensor(172),0.10629232227802277,0
4,Subject03,window,Subject03,tensor(173),0.5655649304389954,1
4,Subject03,window,Subject03,tensor(174),0.6102921962738037,1
4,Subject03,window,Subject03,tensor(175),0.1434309184551239,1
4,Subject03,window,Subject03,tensor(176),0.031364306807518005,1
4,Subject03,window,Subject03,tensor(177),0.05147111415863037,1
4,Subject03,window,Subject03,tensor(178),0.36863046884536743,1
4,Subject03,window,Subject03,tensor(179),0.4976814389228821,1
4,Subject03,window,Subject03,tensor(180),0.3736853301525116,1
4,Subject03,window,Subject03,tensor(181),0.6487951278686523,1
4,Subject03,window,Subject03,tensor(182),0.15545891225337982,1
4,Subject03,window,Subject03,tensor(183),0.0553366057574749,1
5,Subject04,window,Subject04,tensor(184),0.5030322074890137,0
5,Subject04,window,Subject04,tensor(185),0.07590756565332413,0
5,Subject04,window,Subject04,tensor(186),0.3657551109790802,0
5,Subject04,window,Subject04,tensor(187),0.4738013744354248,0
5,Subject04,window,Subject04,tensor(188),0.09862259775400162,0
5,Subject04,window,Subject04,tensor(189),0.12433827668428421,0
5,Subject04,window,Subject04,tensor(190),0.44597524404525757,0
5,Subject04,window,Subject04,tensor(191),0.42174163460731506,0
5,Subject04,window,Subject04,tensor(192),0.06649325788021088,0
5,Subject04,window,Subject04,tensor(193),0.10656558722257614,0
5,Subject04,window,Subject04,tensor(194),0.5194925665855408,0
5,Subject04,window,Subject04,tensor(195),0.54481440782547,0
5,Subject04,window,Subject04,tensor(196),0.4980911314487457,0
5,Subject04,window,Subject04,tensor(197),0.3171457052230835,0
5,Subject04,window,Subject04,tensor(198),0.08237095177173615,0
5,Subject04,window,Subject04,tensor(199),0.13016924262046814,0
5,Subject04,window,Subject04,tensor(200),0.2519693374633789,0
5,Subject04,window,Subject04,tensor(201),0.12449661642313004,0
5,Subject04,window,Subject04,tensor(202),0.06452775001525879,0
5,Subject04,window,Subject04,tensor(203),0.06183398514986038,0
5,Subject04,window,Subject04,tensor(204),0.09483558684587479,0
5,Subject04,window,Subject04,tensor(205),0.07157028466463089,0
5,Subject04,window,Subject04,tensor(206),0.07904358208179474,0
5,Subject04,window,Subject04,tensor(207),0.2166009396314621,0
5,Subject04,window,Subject04,tensor(208),0.08624591678380966,0
5,Subject04,window,Subject04,tensor(209),0.06787552684545517,0
5,Subject04,window,Subject04,tensor(210),0.4329740107059479,0
5,Subject04,window,Subject04,tensor(211),0.40554752945899963,0
5,Subject04,window,Subject04,tensor(212),0.42491817474365234,0
5,Subject04,window,Subject04,tensor(213),0.5017026662826538,0
5,Subject04,window,Subject04,tensor(214),0.35511988401412964,0
5,Subject04,window,Subject04,tensor(215),0.2091093212366104,0
5,Subject04,window,Subject04,tensor(216),0.10692352056503296,0
5,Subject04,window,Subject04,tensor(217),0.46328920125961304,1
5,Subject04,window,Subject04,tensor(218),0.32380422949790955,1
5,Subject04,window,Subject04,tensor(219),0.4936184883117676,1
5,Subject04,window,Subject04,tensor(220),0.4487743079662323,1
5,Subject04,window,Subject04,tensor(221),0.11070191860198975,1
5,Subject04,window,Subject04,tensor(222),0.3525524139404297,1
5,Subject04,window,Subject04,tensor(223),0.3157702386379242,1
5,Subject04,window,Subject04,tensor(224),0.22987158596515656,1
5,Subject04,window,Subject04,tensor(225),0.3840831518173218,1
5,Subject04,window,Subject04,tensor(226),0.10703624784946442,1
5,Subject04,window,Subject04,tensor(227),0.05561482906341553,1
6,Subject05,window,Subject05,tensor(228),0.22268977761268616,0
6,Subject05,window,Subject05,tensor(229),0.046308375895023346,0
6,Subject05,window,Subject05,tensor(230),0.21716554462909698,0
6,Subject05,window,Subject05,tensor(231),0.24202626943588257,0
6,Subject05,window,Subject05,tensor(232),0.03722032904624939,0
6,Subject05,window,Subject05,tensor(233),0.048560477793216705,0
6,Subject05,window,Subject05,tensor(234),0.6737868785858154,0
6,Subject05,window,Subject05,tensor(235),0.1940041184425354,0
6,Subject05,window,Subject05,tensor(236),0.12197612226009369,0
6,Subject05,window,Subject05,tensor(237),0.03998232260346413,0
6,Subject05,window,Subject05,tensor(238),0.06070971488952637,0
6,Subject05,window,Subject05,tensor(239),0.08656664192676544,0
6,Subject05,window,Subject05,tensor(240),0.04620815068483353,0
6,Subject05,window,Subject05,tensor(241),0.05688179284334183,0
6,Subject05,window,Subject05,tensor(242),0.03111039102077484,0
6,Subject05,window,Subject05,tensor(243),0.034548476338386536,0
6,Subject05,window,Subject05,tensor(244),0.030626270920038223,0
6,Subject05,window,Subject05,tensor(245),0.030562765896320343,0
6,Subject05,window,Subject05,tensor(246),0.03044918365776539,0
6,Subject05,window,Subject05,tensor(247),0.030763041228055954,0
6,Subject05,window,Subject05,tensor(248),0.07264286279678345,0
6,Subject05,window,Subject05,tensor(249),0.48456403613090515,0
6,Subject05,window,Subject05,tensor(250),0.23015281558036804,0
6,Subject05,window,Subject05,tensor(251),0.036816149950027466,0
6,Subject05,window,Subject05,tensor(252),0.17396093904972076,0
6,Subject05,window,Subject05,tensor(253),0.6065205335617065,0
6,Subject05,window,Subject05,tensor(254),0.4329734146595001,0
6,Subject05,window,Subject05,tensor(255),0.0703788548707962,0
6,Subject05,window,Subject05,tensor(256),0.4334230422973633,0
6,Subject05,window,Subject05,tensor(257),0.06764920800924301,0
6,Subject05,window,Subject05,tensor(258),0.06217207759618759,0
6,Subject05,window,Subject05,tensor(259),0.03266714885830879,0
6,Subject05,window,Subject05,tensor(260),0.06073880195617676,0
6,Subject05,window,Subject05,tensor(261),0.11091619729995728,0
6,Subject05,window,Subject05,tensor(262),0.09716957062482834,0
6,Subject05,window,Subject05,tensor(263),0.04356395825743675,1
6,Subject05,window,Subject05,tensor(264),0.15259569883346558,1
6,Subject05,window,Subject05,tensor(265),0.7348958253860474,1
6,Subject05,window,Subject05,tensor(266),0.05885652080178261,1
6,Subject05,window,Subject05,tensor(267),0.09500983357429504,1
6,Subject05,window,Subject05,tensor(268),0.729541003704071,1
6,Subject05,window,Subject05,tensor(269),0.13549110293388367,1
6,Subject05,window,Subject05,tensor(270),0.053749799728393555,1
6,Subject05,window,Subject05,tensor(271),0.08603595942258835,1
6,Subject05,window,Subject05,tensor(272),0.4891767203807831,1
6,Subject05,window,Subject05,tensor(273),0.07460842281579971,1
7,Subject06,window,Subject06,tensor(274),0.118521548807621,0
7,Subject06,window,Subject06,tensor(275),0.09240932017564774,0
7,Subject06,window,Subject06,tensor(276),0.08309340476989746,0
7,Subject06,window,Subject06,tensor(277),0.09534040093421936,0
7,Subject06,window,Subject06,tensor(278),0.4416361153125763,0
7,Subject06,window,Subject06,tensor(279),0.8607485890388489,0
7,Subject06,window,Subject06,tensor(280),0.13736483454704285,0
7,Subject06,window,Subject06,tensor(281),0.8072580099105835,0
7,Subject06,window,Subject06,tensor(282),0.7929342985153198,0
7,Subject06,window,Subject06,tensor(283),0.09055637568235397,0
7,Subject06,window,Subject06,tensor(284),0.10263864696025848,0
7,Subject06,window,Subject06,tensor(285),0.11879339814186096,0
7,Subject06,window,Subject06,tensor(286),0.10475818812847137,0
7,Subject06,window,Subject06,tensor(287),0.08138120919466019,0
7,Subject06,window,Subject06,tensor(288),0.08250365406274796,0
7,Subject06,window,Subject06,tensor(289),0.09824557602405548,0
7,Subject06,window,Subject06,tensor(290),0.08874928206205368,0
7,Subject06,window,Subject06,tensor(291),0.7861388921737671,0
7,Subject06,window,Subject06,tensor(292),0.17084553837776184,0
7,Subject06,window,Subject06,tensor(293),0.18169932067394257,0
7,Subject06,window,Subject06,tensor(294),0.3146885931491852,0
7,Subject06,window,Subject06,tensor(295),0.08285035192966461,0
7,Subject06,window,Subject06,tensor(296),0.4292902648448944,0
7,Subject06,window,Subject06,tensor(297),0.16486281156539917,0
7,Subject06,window,Subject06,tensor(298),0.11115986108779907,0
7,Subject06,window,Subject06,tensor(299),0.8094743490219116,0
7,Subject06,window,Subject06,tensor(300),0.11291136592626572,0
7,Subject06,window,Subject06,tensor(301),0.1502055674791336,0
7,Subject06,window,Subject06,tensor(302),0.07381100952625275,0
7,Subject06,window,Subject06,tensor(303),0.13277971744537354,0
7,Subject06,window,Subject06,tensor(304),0.08530998229980469,0
7,Subject06,window,Subject06,tensor(305),0.13590574264526367,0
7,Subject06,window,Subject06,tensor(306),0.8117890954017639,0
7,Subject06,window,Subject06,tensor(307),0.7869206666946411,0
7,Subject06,window,Subject06,tensor(308),0.7740795612335205,0
7,Subject06,window,Subject06,tensor(309),0.7381425499916077,1
7,Subject06,window,Subject06,tensor(310),0.6781163215637207,1
7,Subject06,window,Subject06,tensor(311),0.8606486320495605,1
7,Subject06,window,Subject06,tensor(312),0.3434446454048157,1
7,Subject06,window,Subject06,tensor(313),0.16559430956840515,1
7,Subject06,window,Subject06,tensor(314),0.20981435477733612,1
7,Subject06,window,Subject06,tensor(315),0.5199242234230042,1
7,Subject06,window,Subject06,tensor(316),0.8154698014259338,1
7,Subject06,window,Subject06,tensor(317),0.34023526310920715,1
7,Subject06,window,Subject06,tensor(318),0.075043685734272,1
7,Subject06,window,Subject06,tensor(319),0.15987150371074677,1
8,Subject07,window,Subject07,tensor(320),0.028703834861516953,0
8,Subject07,window,Subject07,tensor(321),0.13197894394397736,0
8,Subject07,window,Subject07,tensor(322),0.03936278074979782,0
8,Subject07,window,Subject07,tensor(323),0.712321400642395,0
8,Subject07,window,Subject07,tensor(324),0.34061503410339355,0
8,Subject07,window,Subject07,tensor(325),0.017591288313269615,0
8,Subject07,window,Subject07,tensor(326),0.20972122251987457,0
8,Subject07,window,Subject07,tensor(327),0.4555763900279999,0
8,Subject07,window,Subject07,tensor(328),0.36691781878471375,0
8,Subject07,window,Subject07,tensor(329),0.016401641070842743,0
8,Subject07,window,Subject07,tensor(330),0.746332049369812,0
8,Subject07,window,Subject07,tensor(331),0.6819853186607361,0
8,Subject07,window,Subject07,tensor(332),0.3338303565979004,0
8,Subject07,window,Subject07,tensor(333),0.6821579337120056,0
8,Subject07,window,Subject07,tensor(334),0.7264404892921448,0
8,Subject07,window,Subject07,tensor(335),0.015635229647159576,0
8,Subject07,window,Subject07,tensor(336),0.4635345935821533,0
8,Subject07,window,Subject07,tensor(337),0.5818914771080017,0
8,Subject07,window,Subject07,tensor(338),0.05453779920935631,0
8,Subject07,window,Subject07,tensor(339),0.6327686905860901,0
8,Subject07,window,Subject07,tensor(340),0.12083598226308823,0
8,Subject07,window,Subject07,tensor(341),0.015623696148395538,0
8,Subject07,window,Subject07,tensor(342),0.11590727418661118,0
8,Subject07,window,Subject07,tensor(343),0.015598929487168789,0
8,Subject07,window,Subject07,tensor(344),0.01619936153292656,0
8,Subject07,window,Subject07,tensor(345),0.692549467086792,0
8,Subject07,window,Subject07,tensor(346),0.05092722177505493,0
8,Subject07,window,Subject07,tensor(347),0.1876966506242752,0
8,Subject07,window,Subject07,tensor(348),0.018068818375468254,0
8,Subject07,window,Subject07,tensor(349),0.022300653159618378,0
8,Subject07,window,Subject07,tensor(350),0.8685482144355774,0
8,Subject07,window,Subject07,tensor(351),0.8391363024711609,0
8,Subject07,window,Subject07,tensor(352),0.5191926956176758,0
8,Subject07,window,Subject07,tensor(353),0.6659712195396423,0
8,Subject07,window,Subject07,tensor(354),0.32961949706077576,0
8,Subject07,window,Subject07,tensor(355),0.021025488153100014,1
8,Subject07,window,Subject07,tensor(356),0.241120383143425,1
8,Subject07,window,Subject07,tensor(357),0.1434064656496048,1
8,Subject07,window,Subject07,tensor(358),0.8093280792236328,1
8,Subject07,window,Subject07,tensor(359),0.775875985622406,1
8,Subject07,window,Subject07,tensor(360),0.03283173218369484,1
8,Subject07,window,Subject07,tensor(361),0.7007815837860107,1
8,Subject07,window,Subject07,tensor(362),0.8124839663505554,1
8,Subject07,window,Subject07,tensor(363),0.10028816014528275,1
8,Subject07,window,Subject07,tensor(364),0.03401585668325424,1
8,Subject07,window,Subject07,tensor(365),0.6233437657356262,1
9,Subject08,window,Subject08,tensor(366),0.14049385488033295,0
9,Subject08,window,Subject08,tensor(367),0.03842801973223686,0
9,Subject08,window,Subject08,tensor(368),0.15153047442436218,0
9,Subject08,window,Subject08,tensor(369),0.08697682619094849,0
9,Subject08,window,Subject08,tensor(370),0.6879931688308716,0
9,Subject08,window,Subject08,tensor(371),0.6896932721138,0
9,Subject08,window,Subject08,tensor(372),0.49651211500167847,0
9,Subject08,window,Subject08,tensor(373),0.046335622668266296,0
9,Subject08,window,Subject08,tensor(374),0.03947265073657036,0
9,Subject08,window,Subject08,tensor(375),0.059406060725450516,0
9,Subject08,window,Subject08,tensor(376),0.16279387474060059,0
9,Subject08,window,Subject08,tensor(377),0.24387013912200928,0
9,Subject08,window,Subject08,tensor(378),0.059778843075037,0
9,Subject08,window,Subject08,tensor(379),0.14697057008743286,0
9,Subject08,window,Subject08,tensor(380),0.03887448087334633,0
9,Subject08,window,Subject08,tensor(381),0.07307107746601105,0
9,Subject08,window,Subject08,tensor(382),0.27236685156822205,0
9,Subject08,window,Subject08,tensor(383),0.051613908261060715,0
9,Subject08,window,Subject08,tensor(384),0.0639457255601883,0
9,Subject08,window,Subject08,tensor(385),0.13366082310676575,0
9,Subject08,window,Subject08,tensor(386),0.042339351028203964,0
9,Subject08,window,Subject08,tensor(387),0.03341836854815483,0
9,Subject08,window,Subject08,tensor(388),0.05530150979757309,0
9,Subject08,window,Subject08,tensor(389),0.06018850579857826,0
9,Subject08,window,Subject08,tensor(390),0.057132601737976074,0
9,Subject08,window,Subject08,tensor(391),0.049910902976989746,0
9,Subject08,window,Subject08,tensor(392),0.28286126255989075,0
9,Subject08,window,Subject08,tensor(393),0.05567791312932968,0
9,Subject08,window,Subject08,tensor(394),0.04904728755354881,0
9,Subject08,window,Subject08,tensor(395),0.10470912605524063,0
9,Subject08,window,Subject08,tensor(396),0.3994563817977905,0
9,Subject08,window,Subject08,tensor(397),0.04026270657777786,0
9,Subject08,window,Subject08,tensor(398),0.680024266242981,0
9,Subject08,window,Subject08,tensor(399),0.7017726898193359,0
9,Subject08,window,Subject08,tensor(400),0.608182430267334,0
9,Subject08,window,Subject08,tensor(401),0.5431023240089417,1
9,Subject08,window,Subject08,tensor(402),0.41086989641189575,1
9,Subject08,window,Subject08,tensor(403),0.045456744730472565,1
9,Subject08,window,Subject08,tensor(404),0.25794726610183716,1
9,Subject08,window,Subject08,tensor(405),0.7009620070457458,1
9,Subject08,window,Subject08,tensor(406),0.13360951840877533,1
9,Subject08,window,Subject08,tensor(407),0.06680246442556381,1
9,Subject08,window,Subject08,tensor(408),0.1355952024459839,1
9,Subject08,window,Subject08,tensor(409),0.45004576444625854,1
9,Subject08,window,Subject08,tensor(410),0.08720285445451736,1
9,Subject08,window,Subject08,tensor(411),0.15920597314834595,1
10,Subject09,window,Subject09,tensor(412),0.2680906057357788,0
10,Subject09,window,Subject09,tensor(413),0.13794606924057007,0
10,Subject09,window,Subject09,tensor(414),0.03626445680856705,0
10,Subject09,window,Subject09,tensor(415),0.02117779105901718,0
10,Subject09,window,Subject09,tensor(416),0.019653497263789177,0
10,Subject09,window,Subject09,tensor(417),0.01888705976307392,0
10,Subject09,window,Subject09,tensor(418),0.015356160700321198,0
10,Subject09,window,Subject09,tensor(419),0.04005183279514313,0
10,Subject09,window,Subject09,tensor(420),0.23889775574207306,0
10,Subject09,window,Subject09,tensor(421),0.6556227803230286,0
10,Subject09,window,Subject09,tensor(422),0.7406015992164612,0
10,Subject09,window,Subject09,tensor(423),0.05708055570721626,0
10,Subject09,window,Subject09,tensor(424),0.029544372111558914,0
10,Subject09,window,Subject09,tensor(425),0.01815882883965969,0
10,Subject09,window,Subject09,tensor(426),0.015834003686904907,0
10,Subject09,window,Subject09,tensor(427),0.046629082411527634,0
10,Subject09,window,Subject09,tensor(428),0.01862284727394581,0
10,Subject09,window,Subject09,tensor(429),0.653164267539978,0
10,Subject09,window,Subject09,tensor(430),0.017107626423239708,0
10,Subject09,window,Subject09,tensor(431),0.04163379594683647,0
10,Subject09,window,Subject09,tensor(432),0.4426405727863312,0
10,Subject09,window,Subject09,tensor(433),0.22690129280090332,0
10,Subject09,window,Subject09,tensor(434),0.03490683436393738,0
10,Subject09,window,Subject09,tensor(435),0.16340433061122894,0
10,Subject09,window,Subject09,tensor(436),0.12753525376319885,0
10,Subject09,window,Subject09,tensor(437),0.05568140745162964,0
10,Subject09,window,Subject09,tensor(438),0.050267938524484634,0
10,Subject09,window,Subject09,tensor(439),0.6976863741874695,0
10,Subject09,window,Subject09,tensor(440),0.02942255325615406,0
10,Subject09,window,Subject09,tensor(441),0.578093409538269,0
10,Subject09,window,Subject09,tensor(442),0.7512756586074829,0
10,Subject09,window,Subject09,tensor(443),0.3174709379673004,0
10,Subject09,window,Subject09,tensor(444),0.1475960910320282,0
10,Subject09,window,Subject09,tensor(445),0.7060037851333618,0
10,Subject09,window,Subject09,tensor(446),0.7537330985069275,0
10,Subject09,window,Subject09,tensor(447),0.030659252777695656,1
10,Subject09,window,Subject09,tensor(448),0.07247775793075562,1
10,Subject09,window,Subject09,tensor(449),0.5300995111465454,1
10,Subject09,window,Subject09,tensor(450),0.018255678936839104,1
10,Subject09,window,Subject09,tensor(451),0.021735437214374542,1
10,Subject09,window,Subject09,tensor(452),0.025283709168434143,1
10,Subject09,window,Subject09,tensor(453),0.0980871245265007,1
10,Subject09,window,Subject09,tensor(454),0.03101375326514244,1
10,Subject09,window,Subject09,tensor(455),0.424589067697525,1
10,Subject09,window,Subject09,tensor(456),0.029567241668701172,1
10,Subject09,window,Subject09,tensor(457),0.6985788941383362,1
11,Subject10,window,Subject10,tensor(458),0.09445559233427048,0
11,Subject10,window,Subject10,tensor(459),0.022509710863232613,0
11,Subject10,window,Subject10,tensor(460),0.07635463029146194,0
11,Subject10,window,Subject10,tensor(461),0.03071002848446369,0
11,Subject10,window,Subject10,tensor(462),0.16444894671440125,0
11,Subject10,window,Subject10,tensor(463),0.06209884583950043,0
11,Subject10,window,Subject10,tensor(464),0.04443429410457611,0
11,Subject10,window,Subject10,tensor(465),0.0932798683643341,0
11,Subject10,window,Subject10,tensor(466),0.702201783657074,0
11,Subject10,window,Subject10,tensor(467),0.6977868676185608,0
11,Subject10,window,Subject10,tensor(468),0.34908199310302734,0
11,Subject10,window,Subject10,tensor(469),0.5522151589393616,0
11,Subject10,window,Subject10,tensor(470),0.26665353775024414,0
11,Subject10,window,Subject10,tensor(471),0.042109351605176926,0
11,Subject10,window,Subject10,tensor(472),0.024371255189180374,0
11,Subject10,window,Subject10,tensor(473),0.38701337575912476,0
11,Subject10,window,Subject10,tensor(474),0.7470383048057556,0
11,Subject10,window,Subject10,tensor(475),0.43577930331230164,0
11,Subject10,window,Subject10,tensor(476),0.13848230242729187,0
11,Subject10,window,Subject10,tensor(477),0.607367992401123,0
11,Subject10,window,Subject10,tensor(478),0.5455357432365417,0
11,Subject10,window,Subject10,tensor(479),0.5606852769851685,0
11,Subject10,window,Subject10,tensor(480),0.01705385372042656,0
11,Subject10,window,Subject10,tensor(481),0.08417858183383942,0
11,Subject10,window,Subject10,tensor(482),0.5327038168907166,0
11,Subject10,window,Subject10,tensor(483),0.234236478805542,0
11,Subject10,window,Subject10,tensor(484),0.2574881911277771,0
11,Subject10,window,Subject10,tensor(485),0.706916868686676,0
11,Subject10,window,Subject10,tensor(486),0.06108047068119049,0
11,Subject10,window,Subject10,tensor(487),0.15231865644454956,0
11,Subject10,window,Subject10,tensor(488),0.017551835626363754,0
11,Subject10,window,Subject10,tensor(489),0.026277652010321617,0
11,Subject10,window,Subject10,tensor(490),0.18202169239521027,0
11,Subject10,window,Subject10,tensor(491),0.01822195202112198,0
11,Subject10,window,Subject10,tensor(492),0.017811395227909088,0
11,Subject10,window,Subject10,tensor(493),0.048608362674713135,0
11,Subject10,window,Subject10,tensor(494),0.26292333006858826,1
11,Subject10,window,Subject10,tensor(495),0.4017534852027893,1
11,Subject10,window,Subject10,tensor(496),0.30223196744918823,1
11,Subject10,window,Subject10,tensor(497),0.7409679889678955,1
11,Subject10,window,Subject10,tensor(498),0.3382870554924011,1
11,Subject10,window,Subject10,tensor(499),0.033296849578619,1
11,Subject10,window,Subject10,tensor(500),0.6116430163383484,1
11,Subject10,window,Subject10,tensor(501),0.14401735365390778,1
11,Subject10,window,Subject10,tensor(502),0.02605280838906765,1
11,Subject10,window,Subject10,tensor(503),0.1960216909646988,1
11,Subject10,window,Subject10,tensor(504),0.3625028729438782,1
12,Subject11,window,Subject11,tensor(505),0.4714360237121582,0
12,Subject11,window,Subject11,tensor(506),0.47261881828308105,0
12,Subject11,window,Subject11,tensor(507),0.030816717073321342,0
12,Subject11,window,Subject11,tensor(508),0.051414333283901215,0
12,Subject11,window,Subject11,tensor(509),0.03799239173531532,0
12,Subject11,window,Subject11,tensor(510),0.4860706925392151,0
12,Subject11,window,Subject11,tensor(511),0.4278504252433777,0
12,Subject11,window,Subject11,tensor(512),0.02567151188850403,0
12,Subject11,window,Subject11,tensor(513),0.029352255165576935,0
12,Subject11,window,Subject11,tensor(514),0.021923614665865898,0
12,Subject11,window,Subject11,tensor(515),0.08316256105899811,0
12,Subject11,window,Subject11,tensor(516),0.05183178931474686,0
12,Subject11,window,Subject11,tensor(517),0.0915025845170021,0
12,Subject11,window,Subject11,tensor(518),0.09188739210367203,0
12,Subject11,window,Subject11,tensor(519),0.48447078466415405,0
12,Subject11,window,Subject11,tensor(520),0.32375311851501465,0
12,Subject11,window,Subject11,tensor(521),0.04062515124678612,0
12,Subject11,window,Subject11,tensor(522),0.5163685083389282,0
12,Subject11,window,Subject11,tensor(523),0.7143853306770325,0
12,Subject11,window,Subject11,tensor(524),0.06357907503843307,0
12,Subject11,window,Subject11,tensor(525),0.04171605408191681,0
12,Subject11,window,Subject11,tensor(526),0.020777767524123192,0
12,Subject11,window,Subject11,tensor(527),0.02119687758386135,0
12,Subject11,window,Subject11,tensor(528),0.02754240110516548,0
12,Subject11,window,Subject11,tensor(529),0.6327385306358337,0
12,Subject11,window,Subject11,tensor(530),0.09269236773252487,0
12,Subject11,window,Subject11,tensor(531),0.5884677767753601,0
12,Subject11,window,Subject11,tensor(532),0.18103694915771484,0
12,Subject11,window,Subject11,tensor(533),0.04431231692433357,0
12,Subject11,window,Subject11,tensor(534),0.027927158400416374,0
12,Subject11,window,Subject11,tensor(535),0.7006505131721497,0
12,Subject11,window,Subject11,tensor(536),0.042023565620183945,0
12,Subject11,window,Subject11,tensor(537),0.4223490059375763,0
12,Subject11,window,Subject11,tensor(538),0.056382160633802414,0
12,Subject11,window,Subject11,tensor(539),0.1064753457903862,0
12,Subject11,window,Subject11,tensor(540),0.5499268770217896,1
12,Subject11,window,Subject11,tensor(541),0.7519030570983887,1
12,Subject11,window,Subject11,tensor(542),0.2815985381603241,1
12,Subject11,window,Subject11,tensor(543),0.5728486180305481,1
12,Subject11,window,Subject11,tensor(544),0.2609918713569641,1
12,Subject11,window,Subject11,tensor(545),0.33538439869880676,1
12,Subject11,window,Subject11,tensor(546),0.701988160610199,1
12,Subject11,window,Subject11,tensor(547),0.41104960441589355,1
12,Subject11,window,Subject11,tensor(548),0.1524065136909485,1
12,Subject11,window,Subject11,tensor(549),0.3574778437614441,1
12,Subject11,window,Subject11,tensor(550),0.5780923962593079,1
13,Subject12,window,Subject12,tensor(551),0.08784661442041397,0
13,Subject12,window,Subject12,tensor(552),0.20262101292610168,0
13,Subject12,window,Subject12,tensor(553),0.8949597477912903,0
13,Subject12,window,Subject12,tensor(554),0.04658767953515053,0
13,Subject12,window,Subject12,tensor(555),0.15991243720054626,0
13,Subject12,window,Subject12,tensor(556),0.13955120742321014,0
13,Subject12,window,Subject12,tensor(557),0.19921372830867767,0
13,Subject12,window,Subject12,tensor(558),0.07400716841220856,0
13,Subject12,window,Subject12,tensor(559),0.8320550918579102,0
13,Subject12,window,Subject12,tensor(560),0.018412252888083458,0
13,Subject12,window,Subject12,tensor(561),0.019009025767445564,0
13,Subject12,window,Subject12,tensor(562),0.02077122963964939,0
13,Subject12,window,Subject12,tensor(563),0.06728770583868027,0
13,Subject12,window,Subject12,tensor(564),0.01737949252128601,0
13,Subject12,window,Subject12,tensor(565),0.27250438928604126,0
13,Subject12,window,Subject12,tensor(566),0.0943279042840004,0
13,Subject12,window,Subject12,tensor(567),0.04424827918410301,0
13,Subject12,window,Subject12,tensor(568),0.11600141227245331,0
13,Subject12,window,Subject12,tensor(569),0.050494998693466187,0
13,Subject12,window,Subject12,tensor(570),0.26083803176879883,0
13,Subject12,window,Subject12,tensor(571),0.02476053312420845,0
13,Subject12,window,Subject12,tensor(572),0.035152778029441833,0
13,Subject12,window,Subject12,tensor(573),0.7731930613517761,0
13,Subject12,window,Subject12,tensor(574),0.11691499501466751,0
13,Subject12,window,Subject12,tensor(575),0.26640811562538147,0
13,Subject12,window,Subject12,tensor(576),0.019973723217844963,0
13,Subject12,window,Subject12,tensor(577),0.8425090312957764,0
13,Subject12,window,Subject12,tensor(578),0.8645052909851074,0
13,Subject12,window,Subject12,tensor(579),0.04040166735649109,0
13,Subject12,window,Subject12,tensor(580),0.019075077027082443,0
13,Subject12,window,Subject12,tensor(581),0.15774041414260864,0
13,Subject12,window,Subject12,tensor(582),0.049230292439460754,0
13,Subject12,window,Subject12,tensor(583),0.13106025755405426,0
13,Subject12,window,Subject12,tensor(584),0.2480994015932083,0
13,Subject12,window,Subject12,tensor(585),0.023803723976016045,0
13,Subject12,window,Subject12,tensor(586),0.022917885333299637,1
13,Subject12,window,Subject12,tensor(587),0.893966794013977,1
13,Subject12,window,Subject12,tensor(588),0.02090568281710148,1
13,Subject12,window,Subject12,tensor(589),0.015931984409689903,1
13,Subject12,window,Subject12,tensor(590),0.8216183185577393,1
13,Subject12,window,Subject12,tensor(591),0.7419179677963257,1
13,Subject12,window,Subject12,tensor(592),0.02449331060051918,1
13,Subject12,window,Subject12,tensor(593),0.5894414782524109,1
13,Subject12,window,Subject12,tensor(594),0.7265275120735168,1
13,Subject12,window,Subject12,tensor(595),0.3621724545955658,1
13,Subject12,window,Subject12,tensor(596),0.7395626902580261,1
14,Subject13,window,Subject13,tensor(597),0.10858350247144699,0
14,Subject13,window,Subject13,tensor(598),0.591923177242279,0
14,Subject13,window,Subject13,tensor(599),0.19054731726646423,0
14,Subject13,window,Subject13,tensor(600),0.09656456112861633,0
14,Subject13,window,Subject13,tensor(601),0.15243194997310638,0
14,Subject13,window,Subject13,tensor(602),0.1087714210152626,0
14,Subject13,window,Subject13,tensor(603),0.4349317252635956,0
14,Subject13,window,Subject13,tensor(604),0.12876737117767334,0
14,Subject13,window,Subject13,tensor(605),0.10601655393838882,0
14,Subject13,window,Subject13,tensor(606),0.28012412786483765,0
14,Subject13,window,Subject13,tensor(607),0.09523151814937592,0
14,Subject13,window,Subject13,tensor(608),0.41192683577537537,0
14,Subject13,window,Subject13,tensor(609),0.4660123288631439,0
14,Subject13,window,Subject13,tensor(610),0.43085429072380066,0
14,Subject13,window,Subject13,tensor(611),0.5453726053237915,0
14,Subject13,window,Subject13,tensor(612),0.129705548286438,0
14,Subject13,window,Subject13,tensor(613),0.5262424349784851,0
14,Subject13,window,Subject13,tensor(614),0.11182305961847305,0
14,Subject13,window,Subject13,tensor(615),0.11031226813793182,0
14,Subject13,window,Subject13,tensor(616),0.14645329117774963,0
14,Subject13,window,Subject13,tensor(617),0.10415998846292496,0
14,Subject13,window,Subject13,tensor(618),0.17088927328586578,0
14,Subject13,window,Subject13,tensor(619),0.10021969676017761,0
14,Subject13,window,Subject13,tensor(620),0.1275244653224945,0
14,Subject13,window,Subject13,tensor(621),0.5309022665023804,0
14,Subject13,window,Subject13,tensor(622),0.43747538328170776,0
14,Subject13,window,Subject13,tensor(623),0.14693894982337952,0
14,Subject13,window,Subject13,tensor(624),0.11636921763420105,0
14,Subject13,window,Subject13,tensor(625),0.11697770655155182,0
14,Subject13,window,Subject13,tensor(626),0.15328316390514374,0
14,Subject13,window,Subject13,tensor(627),0.4041728377342224,0
14,Subject13,window,Subject13,tensor(628),0.5957297086715698,0
14,Subject13,window,Subject13,tensor(629),0.4952906370162964,0
14,Subject13,window,Subject13,tensor(630),0.25167155265808105,0
14,Subject13,window,Subject13,tensor(631),0.279182493686676,0
14,Subject13,window,Subject13,tensor(632),0.41018909215927124,1
14,Subject13,window,Subject13,tensor(633),0.3174395263195038,1
14,Subject13,window,Subject13,tensor(634),0.5268329381942749,1
14,Subject13,window,Subject13,tensor(635),0.1457100659608841,1
14,Subject13,window,Subject13,tensor(636),0.39484426379203796,1
14,Subject13,window,Subject13,tensor(637),0.10756713896989822,1
14,Subject13,window,Subject13,tensor(638),0.10030569136142731,1
14,Subject13,window,Subject13,tensor(639),0.11079779267311096,1
14,Subject13,window,Subject13,tensor(640),0.4555278420448303,1
14,Subject13,window,Subject13,tensor(641),0.619062602519989,1
14,Subject13,window,Subject13,tensor(642),0.4870666265487671,1
15,Subject14,window,Subject14,tensor(643),0.06391731649637222,0
15,Subject14,window,Subject14,tensor(644),0.6758080720901489,0
15,Subject14,window,Subject14,tensor(645),0.31390076875686646,0
15,Subject14,window,Subject14,tensor(646),0.02420567348599434,0
15,Subject14,window,Subject14,tensor(647),0.0214645154774189,0
15,Subject14,window,Subject14,tensor(648),0.1002427339553833,0
15,Subject14,window,Subject14,tensor(649),0.014633887447416782,0
15,Subject14,window,Subject14,tensor(650),0.04170532152056694,0
15,Subject14,window,Subject14,tensor(651),0.39874565601348877,0
15,Subject14,window,Subject14,tensor(652),0.7379846572875977,0
15,Subject14,window,Subject14,tensor(653),0.3107735216617584,0
15,Subject14,window,Subject14,tensor(654),0.41045916080474854,0
15,Subject14,window,Subject14,tensor(655),0.5750699639320374,0
15,Subject14,window,Subject14,tensor(656),0.02950267679989338,0
15,Subject14,window,Subject14,tensor(657),0.08719582855701447,0
15,Subject14,window,Subject14,tensor(658),0.02029445394873619,0
15,Subject14,window,Subject14,tensor(659),0.15660515427589417,0
15,Subject14,window,Subject14,tensor(660),0.5559823513031006,0
15,Subject14,window,Subject14,tensor(661),0.5825830698013306,0
15,Subject14,window,Subject14,tensor(662),0.6319401264190674,0
15,Subject14,window,Subject14,tensor(663),0.5862902998924255,0
15,Subject14,window,Subject14,tensor(664),0.7419097423553467,0
15,Subject14,window,Subject14,tensor(665),0.023077145218849182,0
15,Subject14,window,Subject14,tensor(666),0.09431913495063782,0
15,Subject14,window,Subject14,tensor(667),0.11455672979354858,0
15,Subject14,window,Subject14,tensor(668),0.29078787565231323,0
15,Subject14,window,Subject14,tensor(669),0.022268779575824738,0
15,Subject14,window,Subject14,tensor(670),0.41320765018463135,0
15,Subject14,window,Subject14,tensor(671),0.17097245156764984,0
15,Subject14,window,Subject14,tensor(672),0.0693555399775505,0
15,Subject14,window,Subject14,tensor(673),0.025974862277507782,0
15,Subject14,window,Subject14,tensor(674),0.19185589253902435,0
15,Subject14,window,Subject14,tensor(675),0.021381324157118797,0
15,Subject14,window,Subject14,tensor(676),0.28284579515457153,0
15,Subject14,window,Subject14,tensor(677),0.0396166630089283,0
15,Subject14,window,Subject14,tensor(678),0.6477673649787903,1
15,Subject14,window,Subject14,tensor(679),0.014669160358607769,1
15,Subject14,window,Subject14,tensor(680),0.6464748978614807,1
15,Subject14,window,Subject14,tensor(681),0.7169772386550903,1
15,Subject14,window,Subject14,tensor(682),0.04131674766540527,1
15,Subject14,window,Subject14,tensor(683),0.022306393831968307,1
15,Subject14,window,Subject14,tensor(684),0.6885625123977661,1
15,Subject14,window,Subject14,tensor(685),0.6846280694007874,1
15,Subject14,window,Subject14,tensor(686),0.37798207998275757,1
15,Subject14,window,Subject14,tensor(687),0.6026298999786377,1
15,Subject14,window,Subject14,tensor(688),0.6673685908317566,1
16,Subject15,window,Subject15,tensor(689),0.2787531912326813,0
16,Subject15,window,Subject15,tensor(690),0.7145557403564453,0
16,Subject15,window,Subject15,tensor(691),0.01932027004659176,0
16,Subject15,window,Subject15,tensor(692),0.09282077848911285,0
16,Subject15,window,Subject15,tensor(693),0.3814070224761963,0
16,Subject15,window,Subject15,tensor(694),0.2043897807598114,0
16,Subject15,window,Subject15,tensor(695),0.01867874339222908,0
16,Subject15,window,Subject15,tensor(696),0.027272144332528114,0
16,Subject15,window,Subject15,tensor(697),0.017110144719481468,0
16,Subject15,window,Subject15,tensor(698),0.794273316860199,0
16,Subject15,window,Subject15,tensor(699),0.026295822113752365,0
16,Subject15,window,Subject15,tensor(700),0.014176251366734505,0
16,Subject15,window,Subject15,tensor(701),0.0678798258304596,0
16,Subject15,window,Subject15,tensor(702),0.4872061312198639,0
16,Subject15,window,Subject15,tensor(703),0.05774441733956337,0
16,Subject15,window,Subject15,tensor(704),0.03694847598671913,0
16,Subject15,window,Subject15,tensor(705),0.010856392793357372,0
16,Subject15,window,Subject15,tensor(706),0.025344323366880417,0
16,Subject15,window,Subject15,tensor(707),0.02689543180167675,0
16,Subject15,window,Subject15,tensor(708),0.5375508666038513,0
16,Subject15,window,Subject15,tensor(709),0.3166215121746063,0
16,Subject15,window,Subject15,tensor(710),0.0163427721709013,0
16,Subject15,window,Subject15,tensor(711),0.04633238911628723,0
16,Subject15,window,Subject15,tensor(712),0.017979862168431282,0
16,Subject15,window,Subject15,tensor(713),0.0324876569211483,0
16,Subject15,window,Subject15,tensor(714),0.01416214182972908,0
16,Subject15,window,Subject15,tensor(715),0.06906752288341522,0
16,Subject15,window,Subject15,tensor(716),0.023998044431209564,0
16,Subject15,window,Subject15,tensor(717),0.10512933880090714,0
16,Subject15,window,Subject15,tensor(718),0.010884740389883518,0
16,Subject15,window,Subject15,tensor(719),0.12137005478143692,0
16,Subject15,window,Subject15,tensor(720),0.010811231099069118,0
16,Subject15,window,Subject15,tensor(721),0.029023416340351105,0
16,Subject15,window,Subject15,tensor(722),0.07209151238203049,0
16,Subject15,window,Subject15,tensor(723),0.6476054191589355,0
16,Subject15,window,Subject15,tensor(724),0.04970460385084152,1
16,Subject15,window,Subject15,tensor(725),0.339901864528656,1
16,Subject15,window,Subject15,tensor(726),0.139518141746521,1
16,Subject15,window,Subject15,tensor(727),0.017672628164291382,1
16,Subject15,window,Subject15,tensor(728),0.3823932409286499,1
16,Subject15,window,Subject15,tensor(729),0.44345247745513916,1
16,Subject15,window,Subject15,tensor(730),0.5898575782775879,1
16,Subject15,window,Subject15,tensor(731),0.3200620412826538,1
16,Subject15,window,Subject15,tensor(732),0.14445000886917114,1
16,Subject15,window,Subject15,tensor(733),0.06657465547323227,1
16,Subject15,window,Subject15,tensor(734),0.09105537831783295,1
17,Subject16,window,Subject16,tensor(735),0.45381131768226624,0
17,Subject16,window,Subject16,tensor(736),0.20810115337371826,0
17,Subject16,window,Subject16,tensor(737),0.5351555347442627,0
17,Subject16,window,Subject16,tensor(738),0.09818127006292343,0
17,Subject16,window,Subject16,tensor(739),0.4353415369987488,0
17,Subject16,window,Subject16,tensor(740),0.055795591324567795,0
17,Subject16,window,Subject16,tensor(741),0.180633082985878,0
17,Subject16,window,Subject16,tensor(742),0.565310537815094,0
17,Subject16,window,Subject16,tensor(743),0.062080588191747665,0
17,Subject16,window,Subject16,tensor(744),0.07146337628364563,0
17,Subject16,window,Subject16,tensor(745),0.601997435092926,0
17,Subject16,window,Subject16,tensor(746),0.10627352446317673,0
17,Subject16,window,Subject16,tensor(747),0.35548776388168335,0
17,Subject16,window,Subject16,tensor(748),0.5321954488754272,0
17,Subject16,window,Subject16,tensor(749),0.5144806504249573,0
17,Subject16,window,Subject16,tensor(750),0.06139378994703293,0
17,Subject16,window,Subject16,tensor(751),0.1000594049692154,0
17,Subject16,window,Subject16,tensor(752),0.5154820084571838,0
17,Subject16,window,Subject16,tensor(753),0.3347131609916687,0
17,Subject16,window,Subject16,tensor(754),0.5703019499778748,0
17,Subject16,window,Subject16,tensor(755),0.12288327515125275,0
17,Subject16,window,Subject16,tensor(756),0.17936989665031433,0
17,Subject16,window,Subject16,tensor(757),0.4072757363319397,0
17,Subject16,window,Subject16,tensor(758),0.05595242232084274,0
17,Subject16,window,Subject16,tensor(759),0.09383915364742279,0
17,Subject16,window,Subject16,tensor(760),0.3601866066455841,0
17,Subject16,window,Subject16,tensor(761),0.2133471816778183,0
17,Subject16,window,Subject16,tensor(762),0.06927724927663803,0
17,Subject16,window,Subject16,tensor(763),0.41401615738868713,0
17,Subject16,window,Subject16,tensor(764),0.2651759088039398,0
17,Subject16,window,Subject16,tensor(765),0.29481005668640137,0
17,Subject16,window,Subject16,tensor(766),0.5864970684051514,0
17,Subject16,window,Subject16,tensor(767),0.28372564911842346,0
17,Subject16,window,Subject16,tensor(768),0.059776052832603455,0
17,Subject16,window,Subject16,tensor(769),0.2569272816181183,0
17,Subject16,window,Subject16,tensor(770),0.07283467054367065,1
17,Subject16,window,Subject16,tensor(771),0.11647894978523254,1
17,Subject16,window,Subject16,tensor(772),0.19093342125415802,1
17,Subject16,window,Subject16,tensor(773),0.14499400556087494,1
17,Subject16,window,Subject16,tensor(774),0.5435000061988831,1
17,Subject16,window,Subject16,tensor(775),0.06634969264268875,1
17,Subject16,window,Subject16,tensor(776),0.05836714804172516,1
17,Subject16,window,Subject16,tensor(777),0.37273651361465454,1
17,Subject16,window,Subject16,tensor(778),0.5752521753311157,1
17,Subject16,window,Subject16,tensor(779),0.27213022112846375,1
17,Subject16,window,Subject16,tensor(780),0.4049795866012573,1
18,Subject17,window,Subject17,tensor(781),0.09665379673242569,0
18,Subject17,window,Subject17,tensor(782),0.07912988215684891,0
18,Subject17,window,Subject17,tensor(783),0.035995788872241974,0
18,Subject17,window,Subject17,tensor(784),0.6516190767288208,0
18,Subject17,window,Subject17,tensor(785),0.04189110919833183,0
18,Subject17,window,Subject17,tensor(786),0.4445785582065582,0
18,Subject17,window,Subject17,tensor(787),0.24410535395145416,0
18,Subject17,window,Subject17,tensor(788),0.26120901107788086,0
18,Subject17,window,Subject17,tensor(789),0.869983434677124,0
18,Subject17,window,Subject17,tensor(790),0.3291171193122864,0
18,Subject17,window,Subject17,tensor(791),0.03606521338224411,0
18,Subject17,window,Subject17,tensor(792),0.0835878923535347,0
18,Subject17,window,Subject17,tensor(793),0.29329997301101685,0
18,Subject17,window,Subject17,tensor(794),0.5413093566894531,0
18,Subject17,window,Subject17,tensor(795),0.03295833617448807,0
18,Subject17,window,Subject17,tensor(796),0.3275013864040375,0
18,Subject17,window,Subject17,tensor(797),0.41269317269325256,0
18,Subject17,window,Subject17,tensor(798),0.5525331497192383,0
18,Subject17,window,Subject17,tensor(799),0.027951141819357872,0
18,Subject17,window,Subject17,tensor(800),0.5618671774864197,0
18,Subject17,window,Subject17,tensor(801),0.08889681100845337,0
18,Subject17,window,Subject17,tensor(802),0.04227062314748764,0
18,Subject17,window,Subject17,tensor(803),0.04915474355220795,0
18,Subject17,window,Subject17,tensor(804),0.09072142094373703,0
18,Subject17,window,Subject17,tensor(805),0.20438334345817566,0
18,Subject17,window,Subject17,tensor(806),0.046288829296827316,0
18,Subject17,window,Subject17,tensor(807),0.09278998523950577,0
18,Subject17,window,Subject17,tensor(808),0.02717958204448223,0
18,Subject17,window,Subject17,tensor(809),0.07673174887895584,0
18,Subject17,window,Subject17,tensor(810),0.08459784835577011,0
18,Subject17,window,Subject17,tensor(811),0.0869867131114006,0
18,Subject17,window,Subject17,tensor(812),0.1767752319574356,0
18,Subject17,window,Subject17,tensor(813),0.156191885471344,0
18,Subject17,window,Subject17,tensor(814),0.03090272657573223,0
18,Subject17,window,Subject17,tensor(815),0.243214949965477,0
18,Subject17,window,Subject17,tensor(816),0.3881675899028778,1
18,Subject17,window,Subject17,tensor(817),0.7170027494430542,1
18,Subject17,window,Subject17,tensor(818),0.0525624081492424,1
18,Subject17,window,Subject17,tensor(819),0.04119371995329857,1
18,Subject17,window,Subject17,tensor(820),0.6505335569381714,1
18,Subject17,window,Subject17,tensor(821),0.6275671124458313,1
18,Subject17,window,Subject17,tensor(822),0.7462153434753418,1
18,Subject17,window,Subject17,tensor(823),0.7456493973731995,1
18,Subject17,window,Subject17,tensor(824),0.4087921679019928,1
18,Subject17,window,Subject17,tensor(825),0.2201535403728485,1
18,Subject17,window,Subject17,tensor(826),0.192138209939003,1
19,Subject18,window,Subject18,tensor(827),0.3687170147895813,0
19,Subject18,window,Subject18,tensor(828),0.33093956112861633,0
19,Subject18,window,Subject18,tensor(829),0.27010130882263184,0
19,Subject18,window,Subject18,tensor(830),0.1875881850719452,0
19,Subject18,window,Subject18,tensor(831),0.2784236669540405,0
19,Subject18,window,Subject18,tensor(832),0.29240474104881287,0
19,Subject18,window,Subject18,tensor(833),0.1734984666109085,0
19,Subject18,window,Subject18,tensor(834),0.19132760167121887,0
19,Subject18,window,Subject18,tensor(835),0.1722733974456787,0
19,Subject18,window,Subject18,tensor(836),0.45805588364601135,0
19,Subject18,window,Subject18,tensor(837),0.42446261644363403,0
19,Subject18,window,Subject18,tensor(838),0.18794673681259155,0
19,Subject18,window,Subject18,tensor(839),0.49147871136665344,0
19,Subject18,window,Subject18,tensor(840),0.348128080368042,0
19,Subject18,window,Subject18,tensor(841),0.16411525011062622,0
19,Subject18,window,Subject18,tensor(842),0.41594865918159485,0
19,Subject18,window,Subject18,tensor(843),0.33924397826194763,0
19,Subject18,window,Subject18,tensor(844),0.48733723163604736,0
19,Subject18,window,Subject18,tensor(845),0.2343558371067047,0
19,Subject18,window,Subject18,tensor(846),0.28747376799583435,0
19,Subject18,window,Subject18,tensor(847),0.4160466492176056,0
19,Subject18,window,Subject18,tensor(848),0.3350440561771393,0
19,Subject18,window,Subject18,tensor(849),0.39365169405937195,0
19,Subject18,window,Subject18,tensor(850),0.33940061926841736,0
19,Subject18,window,Subject18,tensor(851),0.4147982597351074,0
19,Subject18,window,Subject18,tensor(852),0.36922964453697205,0
19,Subject18,window,Subject18,tensor(853),0.1494653820991516,0
19,Subject18,window,Subject18,tensor(854),0.21461156010627747,0
19,Subject18,window,Subject18,tensor(855),0.4883715808391571,0
19,Subject18,window,Subject18,tensor(856),0.534114420413971,0
19,Subject18,window,Subject18,tensor(857),0.25770431756973267,0
19,Subject18,window,Subject18,tensor(858),0.4221688508987427,0
19,Subject18,window,Subject18,tensor(859),0.3236461579799652,0
19,Subject18,window,Subject18,tensor(860),0.2482074648141861,0
19,Subject18,window,Subject18,tensor(861),0.2714540660381317,0
19,Subject18,window,Subject18,tensor(862),0.19796869158744812,1
19,Subject18,window,Subject18,tensor(863),0.16593046486377716,1
19,Subject18,window,Subject18,tensor(864),0.16596025228500366,1
19,Subject18,window,Subject18,tensor(865),0.19239598512649536,1
19,Subject18,window,Subject18,tensor(866),0.44432127475738525,1
19,Subject18,window,Subject18,tensor(867),0.4088495075702667,1
19,Subject18,window,Subject18,tensor(868),0.5135502219200134,1
19,Subject18,window,Subject18,tensor(869),0.27155089378356934,1
19,Subject18,window,Subject18,tensor(870),0.29661011695861816,1
19,Subject18,window,Subject18,tensor(871),0.1629936248064041,1
19,Subject18,window,Subject18,tensor(872),0.23783127963542938,1
20,Subject19,window,Subject19,tensor(873),0.022048966959118843,0
20,Subject19,window,Subject19,tensor(874),0.06118828058242798,0
20,Subject19,window,Subject19,tensor(875),0.4741179049015045,0
20,Subject19,window,Subject19,tensor(876),0.26359692215919495,0
20,Subject19,window,Subject19,tensor(877),0.756971538066864,0
20,Subject19,window,Subject19,tensor(878),0.07998353242874146,0
20,Subject19,window,Subject19,tensor(879),0.5587843656539917,0
20,Subject19,window,Subject19,tensor(880),0.40462109446525574,0
20,Subject19,window,Subject19,tensor(881),0.02382759004831314,0
20,Subject19,window,Subject19,tensor(882),0.026342911645770073,0
20,Subject19,window,Subject19,tensor(883),0.04054627567529678,0
20,Subject19,window,Subject19,tensor(884),0.10791616141796112,0
20,Subject19,window,Subject19,tensor(885),0.21876078844070435,0
20,Subject19,window,Subject19,tensor(886),0.5565828084945679,0
20,Subject19,window,Subject19,tensor(887),0.038378871977329254,0
20,Subject19,window,Subject19,tensor(888),0.12826497852802277,0
20,Subject19,window,Subject19,tensor(889),0.7111169695854187,0
20,Subject19,window,Subject19,tensor(890),0.038596391677856445,0
20,Subject19,window,Subject19,tensor(891),0.043921634554862976,0
20,Subject19,window,Subject19,tensor(892),0.022525258362293243,0
20,Subject19,window,Subject19,tensor(893),0.02232503518462181,0
20,Subject19,window,Subject19,tensor(894),0.05947263166308403,0
20,Subject19,window,Subject19,tensor(895),0.164029061794281,0
20,Subject19,window,Subject19,tensor(896),0.21290983259677887,0
20,Subject19,window,Subject19,tensor(897),0.16185258328914642,0
20,Subject19,window,Subject19,tensor(898),0.529552698135376,0
20,Subject19,window,Subject19,tensor(899),0.8057088851928711,0
20,Subject19,window,Subject19,tensor(900),0.18484820425510406,0
20,Subject19,window,Subject19,tensor(901),0.02521117590367794,0
20,Subject19,window,Subject19,tensor(902),0.32760903239250183,0
20,Subject19,window,Subject19,tensor(903),0.7605493068695068,0
20,Subject19,window,Subject19,tensor(904),0.24475803971290588,0
20,Subject19,window,Subject19,tensor(905),0.7368738651275635,0
20,Subject19,window,Subject19,tensor(906),0.34173470735549927,0
20,Subject19,window,Subject19,tensor(907),0.07891736924648285,0
20,Subject19,window,Subject19,tensor(908),0.1679932028055191,1
20,Subject19,window,Subject19,tensor(909),0.38333022594451904,1
20,Subject19,window,Subject19,tensor(910),0.05137269198894501,1
20,Subject19,window,Subject19,tensor(911),0.03163401782512665,1
20,Subject19,window,Subject19,tensor(912),0.32925429940223694,1
20,Subject19,window,Subject19,tensor(913),0.33482176065444946,1
20,Subject19,window,Subject19,tensor(914),0.7595600485801697,1
20,Subject19,window,Subject19,tensor(915),0.5878987908363342,1
20,Subject19,window,Subject19,tensor(916),0.04334346204996109,1
20,Subject19,window,Subject19,tensor(917),0.1870717853307724,1
20,Subject19,window,Subject19,tensor(918),0.10226771235466003,1
21,Subject20,window,Subject20,tensor(919),0.10080516338348389,0
21,Subject20,window,Subject20,tensor(920),0.090528704226017,0
21,Subject20,window,Subject20,tensor(921),0.09149321913719177,0
21,Subject20,window,Subject20,tensor(922),0.0522291399538517,0
21,Subject20,window,Subject20,tensor(923),0.18899764120578766,0
21,Subject20,window,Subject20,tensor(924),0.12419117242097855,0
21,Subject20,window,Subject20,tensor(925),0.07547176629304886,0
21,Subject20,window,Subject20,tensor(926),0.4781932830810547,0
21,Subject20,window,Subject20,tensor(927),0.2997530400753021,0
21,Subject20,window,Subject20,tensor(928),0.41117119789123535,0
21,Subject20,window,Subject20,tensor(929),0.5025226473808289,0
21,Subject20,window,Subject20,tensor(930),0.13597141206264496,0
21,Subject20,window,Subject20,tensor(931),0.4050639867782593,0
21,Subject20,window,Subject20,tensor(932),0.19669732451438904,0
21,Subject20,window,Subject20,tensor(933),0.08680988848209381,0
21,Subject20,window,Subject20,tensor(934),0.10159867256879807,0
21,Subject20,window,Subject20,tensor(935),0.5166736245155334,0
21,Subject20,window,Subject20,tensor(936),0.5925740003585815,0
21,Subject20,window,Subject20,tensor(937),0.23457525670528412,0
21,Subject20,window,Subject20,tensor(938),0.599426805973053,0
21,Subject20,window,Subject20,tensor(939),0.061654407531023026,0
21,Subject20,window,Subject20,tensor(940),0.5190330743789673,0
21,Subject20,window,Subject20,tensor(941),0.612862229347229,0
21,Subject20,window,Subject20,tensor(942),0.4628467261791229,0
21,Subject20,window,Subject20,tensor(943),0.6546469926834106,0
21,Subject20,window,Subject20,tensor(944),0.5259363055229187,0
21,Subject20,window,Subject20,tensor(945),0.37703508138656616,0
21,Subject20,window,Subject20,tensor(946),0.1839590221643448,0
21,Subject20,window,Subject20,tensor(947),0.11904055625200272,0
21,Subject20,window,Subject20,tensor(948),0.3911096751689911,0
21,Subject20,window,Subject20,tensor(949),0.18070678412914276,0
21,Subject20,window,Subject20,tensor(950),0.07035429775714874,0
21,Subject20,window,Subject20,tensor(951),0.3518819808959961,0
21,Subject20,window,Subject20,tensor(952),0.6927763223648071,0
21,Subject20,window,Subject20,tensor(953),0.1530720442533493,0
21,Subject20,window,Subject20,tensor(954),0.18785540759563446,1
21,Subject20,window,Subject20,tensor(955),0.35369569063186646,1
21,Subject20,window,Subject20,tensor(956),0.14816269278526306,1
21,Subject20,window,Subject20,tensor(957),0.0790882259607315,1
21,Subject20,window,Subject20,tensor(958),0.06719432771205902,1
21,Subject20,window,Subject20,tensor(959),0.10368805378675461,1
21,Subject20,window,Subject20,tensor(960),0.2646443545818329,1
21,Subject20,window,Subject20,tensor(961),0.49154022336006165,1
21,Subject20,window,Subject20,tensor(962),0.4825343191623688,1
21,Subject20,window,Subject20,tensor(963),0.5421900153160095,1
21,Subject20,window,Subject20,tensor(964),0.27793776988983154,1
22,Subject21,window,Subject21,tensor(965),0.08575370162725449,0
22,Subject21,window,Subject21,tensor(966),0.2259983867406845,0
22,Subject21,window,Subject21,tensor(967),0.517684817314148,0
22,Subject21,window,Subject21,tensor(968),0.4360947906970978,0
22,Subject21,window,Subject21,tensor(969),0.47749775648117065,0
22,Subject21,window,Subject21,tensor(970),0.1137596070766449,0
22,Subject21,window,Subject21,tensor(971),0.5395272970199585,0
22,Subject21,window,Subject21,tensor(972),0.5428129434585571,0
22,Subject21,window,Subject21,tensor(973),0.3219633400440216,0
22,Subject21,window,Subject21,tensor(974),0.0691591426730156,0
22,Subject21,window,Subject21,tensor(975),0.32116809487342834,0
22,Subject21,window,Subject21,tensor(976),0.09418891370296478,0
22,Subject21,window,Subject21,tensor(977),0.2107449769973755,0
22,Subject21,window,Subject21,tensor(978),0.44676995277404785,0
22,Subject21,window,Subject21,tensor(979),0.06931252032518387,0
22,Subject21,window,Subject21,tensor(980),0.06702292710542679,0
22,Subject21,window,Subject21,tensor(981),0.1908172219991684,0
22,Subject21,window,Subject21,tensor(982),0.45858412981033325,0
22,Subject21,window,Subject21,tensor(983),0.19837068021297455,0
22,Subject21,window,Subject21,tensor(984),0.1653802990913391,0
22,Subject21,window,Subject21,tensor(985),0.5565364956855774,0
22,Subject21,window,Subject21,tensor(986),0.33752959966659546,0
22,Subject21,window,Subject21,tensor(987),0.3269510269165039,0
22,Subject21,window,Subject21,tensor(988),0.11699819564819336,0
22,Subject21,window,Subject21,tensor(989),0.4535187780857086,0
22,Subject21,window,Subject21,tensor(990),0.19403406977653503,0
22,Subject21,window,Subject21,tensor(991),0.2530514895915985,0
22,Subject21,window,Subject21,tensor(992),0.11306028068065643,0
22,Subject21,window,Subject21,tensor(993),0.06974426656961441,0
22,Subject21,window,Subject21,tensor(994),0.06980019062757492,0
22,Subject21,window,Subject21,tensor(995),0.2230486422777176,0
22,Subject21,window,Subject21,tensor(996),0.17854131758213043,0
22,Subject21,window,Subject21,tensor(997),0.13760505616664886,0
22,Subject21,window,Subject21,tensor(998),0.3573034107685089,0
22,Subject21,window,Subject21,tensor(999),0.08168826997280121,0
22,Subject21,window,Subject21,tensor(1000),0.06907841563224792,1
22,Subject21,window,Subject21,tensor(1001),0.07343164086341858,1
22,Subject21,window,Subject21,tensor(1002),0.08185026049613953,1
22,Subject21,window,Subject21,tensor(1003),0.06702937185764313,1
22,Subject21,window,Subject21,tensor(1004),0.09953869134187698,1
22,Subject21,window,Subject21,tensor(1005),0.24157598614692688,1
22,Subject21,window,Subject21,tensor(1006),0.28489285707473755,1
22,Subject21,window,Subject21,tensor(1007),0.2383081167936325,1
22,Subject21,window,Subject21,tensor(1008),0.4821195900440216,1
22,Subject21,window,Subject21,tensor(1009),0.4760546088218689,1
22,Subject21,window,Subject21,tensor(1010),0.23964472115039825,1
23,Subject22,window,Subject22,tensor(1011),0.483447790145874,0
23,Subject22,window,Subject22,tensor(1012),0.13649587333202362,0
23,Subject22,window,Subject22,tensor(1013),0.12348170578479767,0
23,Subject22,window,Subject22,tensor(1014),0.0740082710981369,0
23,Subject22,window,Subject22,tensor(1015),0.0732995867729187,0
23,Subject22,window,Subject22,tensor(1016),0.06778513640165329,0
23,Subject22,window,Subject22,tensor(1017),0.11697843670845032,0
23,Subject22,window,Subject22,tensor(1018),0.11267335712909698,0
23,Subject22,window,Subject22,tensor(1019),0.1882154643535614,0
23,Subject22,window,Subject22,tensor(1020),0.33710265159606934,0
23,Subject22,window,Subject22,tensor(1021),0.5657587647438049,0
23,Subject22,window,Subject22,tensor(1022),0.10631705820560455,0
23,Subject22,window,Subject22,tensor(1023),0.5836465954780579,0
23,Subject22,window,Subject22,tensor(1024),0.0736163780093193,0
23,Subject22,window,Subject22,tensor(1025),0.08551234006881714,0
23,Subject22,window,Subject22,tensor(1026),0.11691147834062576,0
23,Subject22,window,Subject22,tensor(1027),0.16579250991344452,0
23,Subject22,window,Subject22,tensor(1028),0.07290621846914291,0
23,Subject22,window,Subject22,tensor(1029),0.20296302437782288,0
23,Subject22,window,Subject22,tensor(1030),0.09188110381364822,0
23,Subject22,window,Subject22,tensor(1031),0.27386245131492615,0
23,Subject22,window,Subject22,tensor(1032),0.17808134853839874,0
23,Subject22,window,Subject22,tensor(1033),0.09287530183792114,0
23,Subject22,window,Subject22,tensor(1034),0.0689915269613266,0
23,Subject22,window,Subject22,tensor(1035),0.07853756844997406,0
23,Subject22,window,Subject22,tensor(1036),0.12092401087284088,0
23,Subject22,window,Subject22,tensor(1037),0.1292766034603119,0
23,Subject22,window,Subject22,tensor(1038),0.12143632769584656,0
23,Subject22,window,Subject22,tensor(1039),0.5752216577529907,0
23,Subject22,window,Subject22,tensor(1040),0.534553587436676,0
23,Subject22,window,Subject22,tensor(1041),0.5212504863739014,0
23,Subject22,window,Subject22,tensor(1042),0.6318550705909729,0
23,Subject22,window,Subject22,tensor(1043),0.605238139629364,0
23,Subject22,window,Subject22,tensor(1044),0.31628602743148804,0
23,Subject22,window,Subject22,tensor(1045),0.19447675347328186,0
23,Subject22,window,Subject22,tensor(1046),0.40091472864151,1
23,Subject22,window,Subject22,tensor(1047),0.22746063768863678,1
23,Subject22,window,Subject22,tensor(1048),0.22825361788272858,1
23,Subject22,window,Subject22,tensor(1049),0.15102019906044006,1
23,Subject22,window,Subject22,tensor(1050),0.07755977660417557,1
23,Subject22,window,Subject22,tensor(1051),0.08011189848184586,1
23,Subject22,window,Subject22,tensor(1052),0.49285054206848145,1
23,Subject22,window,Subject22,tensor(1053),0.07762788236141205,1
23,Subject22,window,Subject22,tensor(1054),0.6109098196029663,1
23,Subject22,window,Subject22,tensor(1055),0.5588846206665039,1
23,Subject22,window,Subject22,tensor(1056),0.23988407850265503,1
24,Subject23,window,Subject23,tensor(1057),0.08366574347019196,0
24,Subject23,window,Subject23,tensor(1058),0.03693268448114395,0
24,Subject23,window,Subject23,tensor(1059),0.146412655711174,0
24,Subject23,window,Subject23,tensor(1060),0.07112714648246765,0
24,Subject23,window,Subject23,tensor(1061),0.10449553281068802,0
24,Subject23,window,Subject23,tensor(1062),0.05416720360517502,0
24,Subject23,window,Subject23,tensor(1063),0.23974421620368958,0
24,Subject23,window,Subject23,tensor(1064),0.08733014017343521,0
24,Subject23,window,Subject23,tensor(1065),0.05924655497074127,0
24,Subject23,window,Subject23,tensor(1066),0.11352778226137161,0
24,Subject23,window,Subject23,tensor(1067),0.6007339358329773,0
24,Subject23,window,Subject23,tensor(1068),0.27543875575065613,0
24,Subject23,window,Subject23,tensor(1069),0.035628680139780045,0
24,Subject23,window,Subject23,tensor(1070),0.03448844701051712,0
24,Subject23,window,Subject23,tensor(1071),0.04372669756412506,0
24,Subject23,window,Subject23,tensor(1072),0.04823969304561615,0
24,Subject23,window,Subject23,tensor(1073),0.06003463640809059,0
24,Subject23,window,Subject23,tensor(1074),0.06956896185874939,0
24,Subject23,window,Subject23,tensor(1075),0.048517778515815735,0
24,Subject23,window,Subject23,tensor(1076),0.031367331743240356,0
24,Subject23,window,Subject23,tensor(1077),0.09079431742429733,0
24,Subject23,window,Subject23,tensor(1078),0.08663557469844818,0
24,Subject23,window,Subject23,tensor(1079),0.04382201284170151,0
24,Subject23,window,Subject23,tensor(1080),0.09629862755537033,0
24,Subject23,window,Subject23,tensor(1081),0.04204918071627617,0
24,Subject23,window,Subject23,tensor(1082),0.051806218922138214,0
24,Subject23,window,Subject23,tensor(1083),0.040350109338760376,0
24,Subject23,window,Subject23,tensor(1084),0.11439590901136398,0
24,Subject23,window,Subject23,tensor(1085),0.07808087021112442,0
24,Subject23,window,Subject23,tensor(1086),0.06437186896800995,0
24,Subject23,window,Subject23,tensor(1087),0.0422259159386158,0
24,Subject23,window,Subject23,tensor(1088),0.04507435858249664,0
24,Subject23,window,Subject23,tensor(1089),0.04763979837298393,0
24,Subject23,window,Subject23,tensor(1090),0.6069194674491882,0
24,Subject23,window,Subject23,tensor(1091),0.09891127794981003,0
24,Subject23,window,Subject23,tensor(1092),0.054951541125774384,1
24,Subject23,window,Subject23,tensor(1093),0.1624031662940979,1
24,Subject23,window,Subject23,tensor(1094),0.036541908979415894,1
24,Subject23,window,Subject23,tensor(1095),0.12943679094314575,1
24,Subject23,window,Subject23,tensor(1096),0.8736360669136047,1
24,Subject23,window,Subject23,tensor(1097),0.09639041870832443,1
24,Subject23,window,Subject23,tensor(1098),0.2529202103614807,1
24,Subject23,window,Subject23,tensor(1099),0.052072204649448395,1
24,Subject23,window,Subject23,tensor(1100),0.09358634054660797,1
24,Subject23,window,Subject23,tensor(1101),0.11115401983261108,1
24,Subject23,window,Subject23,tensor(1102),0.4017656445503235,1
25,Subject24,window,Subject24,tensor(1103),0.057650063186883926,0
25,Subject24,window,Subject24,tensor(1104),0.17694759368896484,0
25,Subject24,window,Subject24,tensor(1105),0.06255631893873215,0
25,Subject24,window,Subject24,tensor(1106),0.5639455914497375,0
25,Subject24,window,Subject24,tensor(1107),0.30121827125549316,0
25,Subject24,window,Subject24,tensor(1108),0.15945665538311005,0
25,Subject24,window,Subject24,tensor(1109),0.030139930546283722,0
25,Subject24,window,Subject24,tensor(1110),0.05573761463165283,0
25,Subject24,window,Subject24,tensor(1111),0.19374582171440125,0
25,Subject24,window,Subject24,tensor(1112),0.2990751564502716,0
25,Subject24,window,Subject24,tensor(1113),0.5149308443069458,0
25,Subject24,window,Subject24,tensor(1114),0.17048756778240204,0
25,Subject24,window,Subject24,tensor(1115),0.024728260934352875,0
25,Subject24,window,Subject24,tensor(1116),0.0550016351044178,0
25,Subject24,window,Subject24,tensor(1117),0.03371897712349892,0
25,Subject24,window,Subject24,tensor(1118),0.18963757157325745,0
25,Subject24,window,Subject24,tensor(1119),0.41936707496643066,0
25,Subject24,window,Subject24,tensor(1120),0.49366113543510437,0
25,Subject24,window,Subject24,tensor(1121),0.44425520300865173,0
25,Subject24,window,Subject24,tensor(1122),0.025580542162060738,0
25,Subject24,window,Subject24,tensor(1123),0.07820320874452591,0
25,Subject24,window,Subject24,tensor(1124),0.3875786364078522,0
25,Subject24,window,Subject24,tensor(1125),0.020181335508823395,0
25,Subject24,window,Subject24,tensor(1126),0.023767385631799698,0
25,Subject24,window,Subject24,tensor(1127),0.45281246304512024,0
25,Subject24,window,Subject24,tensor(1128),0.129777193069458,0
25,Subject24,window,Subject24,tensor(1129),0.2553675174713135,0
25,Subject24,window,Subject24,tensor(1130),0.3241083323955536,0
25,Subject24,window,Subject24,tensor(1131),0.3746752142906189,0
25,Subject24,window,Subject24,tensor(1132),0.037480346858501434,0
25,Subject24,window,Subject24,tensor(1133),0.10306155681610107,0
25,Subject24,window,Subject24,tensor(1134),0.03006676398217678,0
25,Subject24,window,Subject24,tensor(1135),0.048255909234285355,0
25,Subject24,window,Subject24,tensor(1136),0.05279223248362541,0
25,Subject24,window,Subject24,tensor(1137),0.06202347204089165,0
25,Subject24,window,Subject24,tensor(1138),0.41940656304359436,1
25,Subject24,window,Subject24,tensor(1139),0.5554326176643372,1
25,Subject24,window,Subject24,tensor(1140),0.5366547107696533,1
25,Subject24,window,Subject24,tensor(1141),0.03930376470088959,1
25,Subject24,window,Subject24,tensor(1142),0.04774176701903343,1
25,Subject24,window,Subject24,tensor(1143),0.02844158746302128,1
25,Subject24,window,Subject24,tensor(1144),0.15348540246486664,1
25,Subject24,window,Subject24,tensor(1145),0.05503996089100838,1
25,Subject24,window,Subject24,tensor(1146),0.08004968613386154,1
25,Subject24,window,Subject24,tensor(1147),0.47329452633857727,1
25,Subject24,window,Subject24,tensor(1148),0.08077327162027359,1
26,Subject25,window,Subject25,tensor(1149),0.32829517126083374,0
26,Subject25,window,Subject25,tensor(1150),0.1553216278553009,0
26,Subject25,window,Subject25,tensor(1151),0.019437074661254883,0
26,Subject25,window,Subject25,tensor(1152),0.3977944254875183,0
26,Subject25,window,Subject25,tensor(1153),0.5852428078651428,0
26,Subject25,window,Subject25,tensor(1154),0.20655755698680878,0
26,Subject25,window,Subject25,tensor(1155),0.6857682466506958,0
26,Subject25,window,Subject25,tensor(1156),0.4122716188430786,0
26,Subject25,window,Subject25,tensor(1157),0.2337808907032013,0
26,Subject25,window,Subject25,tensor(1158),0.6172491312026978,0
26,Subject25,window,Subject25,tensor(1159),0.19525939226150513,0
26,Subject25,window,Subject25,tensor(1160),0.11291029304265976,0
26,Subject25,window,Subject25,tensor(1161),0.218313068151474,0
26,Subject25,window,Subject25,tensor(1162),0.4396761655807495,0
26,Subject25,window,Subject25,tensor(1163),0.677294909954071,0
26,Subject25,window,Subject25,tensor(1164),0.08347268402576447,0
26,Subject25,window,Subject25,tensor(1165),0.02277052029967308,0
26,Subject25,window,Subject25,tensor(1166),0.520966112613678,0
26,Subject25,window,Subject25,tensor(1167),0.2643941640853882,0
26,Subject25,window,Subject25,tensor(1168),0.01961980015039444,0
26,Subject25,window,Subject25,tensor(1169),0.3206750452518463,0
26,Subject25,window,Subject25,tensor(1170),0.7077745795249939,0
26,Subject25,window,Subject25,tensor(1171),0.5173513293266296,0
26,Subject25,window,Subject25,tensor(1172),0.01650339923799038,0
26,Subject25,window,Subject25,tensor(1173),0.17407125234603882,0
26,Subject25,window,Subject25,tensor(1174),0.4501431882381439,0
26,Subject25,window,Subject25,tensor(1175),0.07437718659639359,0
26,Subject25,window,Subject25,tensor(1176),0.5156852602958679,0
26,Subject25,window,Subject25,tensor(1177),0.6112890839576721,0
26,Subject25,window,Subject25,tensor(1178),0.22181780636310577,0
26,Subject25,window,Subject25,tensor(1179),0.05624442175030708,0
26,Subject25,window,Subject25,tensor(1180),0.02496412955224514,0
26,Subject25,window,Subject25,tensor(1181),0.2763022184371948,0
26,Subject25,window,Subject25,tensor(1182),0.47274714708328247,0
26,Subject25,window,Subject25,tensor(1183),0.7023606300354004,0
26,Subject25,window,Subject25,tensor(1184),0.15285299718379974,1
26,Subject25,window,Subject25,tensor(1185),0.4860002398490906,1
26,Subject25,window,Subject25,tensor(1186),0.23388881981372833,1
26,Subject25,window,Subject25,tensor(1187),0.12226167321205139,1
26,Subject25,window,Subject25,tensor(1188),0.13774609565734863,1
26,Subject25,window,Subject25,tensor(1189),0.051319222897291183,1
26,Subject25,window,Subject25,tensor(1190),0.3025765120983124,1
26,Subject25,window,Subject25,tensor(1191),0.11195702105760574,1
26,Subject25,window,Subject25,tensor(1192),0.051733069121837616,1
26,Subject25,window,Subject25,tensor(1193),0.022135881707072258,1
26,Subject25,window,Subject25,tensor(1194),0.6889506578445435,1
27,Subject26,window,Subject26,tensor(1195),0.015255039557814598,0
27,Subject26,window,Subject26,tensor(1196),0.013910126872360706,0
27,Subject26,window,Subject26,tensor(1197),0.6785822510719299,0
27,Subject26,window,Subject26,tensor(1198),0.09017005562782288,0
27,Subject26,window,Subject26,tensor(1199),0.6690272092819214,0
27,Subject26,window,Subject26,tensor(1200),0.66681969165802,0
27,Subject26,window,Subject26,tensor(1201),0.4943769574165344,0
27,Subject26,window,Subject26,tensor(1202),0.057001352310180664,0
27,Subject26,window,Subject26,tensor(1203),0.026287663727998734,0
27,Subject26,window,Subject26,tensor(1204),0.7503734827041626,0
27,Subject26,window,Subject26,tensor(1205),0.12465163320302963,0
27,Subject26,window,Subject26,tensor(1206),0.015167096629738808,0
27,Subject26,window,Subject26,tensor(1207),0.019453953951597214,0
27,Subject26,window,Subject26,tensor(1208),0.25519824028015137,0
27,Subject26,window,Subject26,tensor(1209),0.06746120750904083,0
27,Subject26,window,Subject26,tensor(1210),0.020494291558861732,0
27,Subject26,window,Subject26,tensor(1211),0.4941323399543762,0
27,Subject26,window,Subject26,tensor(1212),0.7442547082901001,0
27,Subject26,window,Subject26,tensor(1213),0.17989353835582733,0
27,Subject26,window,Subject26,tensor(1214),0.04843572899699211,0
27,Subject26,window,Subject26,tensor(1215),0.04494420811533928,0
27,Subject26,window,Subject26,tensor(1216),0.5892148613929749,0
27,Subject26,window,Subject26,tensor(1217),0.2629695534706116,0
27,Subject26,window,Subject26,tensor(1218),0.7243449091911316,0
27,Subject26,window,Subject26,tensor(1219),0.020093128085136414,0
27,Subject26,window,Subject26,tensor(1220),0.016716932877898216,0
27,Subject26,window,Subject26,tensor(1221),0.019331449642777443,0
27,Subject26,window,Subject26,tensor(1222),0.015323101542890072,0
27,Subject26,window,Subject26,tensor(1223),0.013829543255269527,0
27,Subject26,window,Subject26,tensor(1224),0.03894256055355072,0
27,Subject26,window,Subject26,tensor(1225),0.52752286195755,0
27,Subject26,window,Subject26,tensor(1226),0.45143935084342957,0
27,Subject26,window,Subject26,tensor(1227),0.3614102005958557,0
27,Subject26,window,Subject26,tensor(1228),0.7378650903701782,0
27,Subject26,window,Subject26,tensor(1229),0.01600976288318634,0
27,Subject26,window,Subject26,tensor(1230),0.047001589089632034,1
27,Subject26,window,Subject26,tensor(1231),0.017935603857040405,1
27,Subject26,window,Subject26,tensor(1232),0.05189642682671547,1
27,Subject26,window,Subject26,tensor(1233),0.2622493803501129,1
27,Subject26,window,Subject26,tensor(1234),0.07388847321271896,1
27,Subject26,window,Subject26,tensor(1235),0.014732101000845432,1
27,Subject26,window,Subject26,tensor(1236),0.06700548529624939,1
27,Subject26,window,Subject26,tensor(1237),0.6784330606460571,1
27,Subject26,window,Subject26,tensor(1238),0.03861798346042633,1
27,Subject26,window,Subject26,tensor(1239),0.05988381430506706,1
27,Subject26,window,Subject26,tensor(1240),0.03810329735279083,1
28,Subject27,window,Subject27,tensor(1241),0.45870083570480347,0
28,Subject27,window,Subject27,tensor(1242),0.1831304430961609,0
28,Subject27,window,Subject27,tensor(1243),0.12358152121305466,0
28,Subject27,window,Subject27,tensor(1244),0.228176549077034,0
28,Subject27,window,Subject27,tensor(1245),0.046393685042858124,0
28,Subject27,window,Subject27,tensor(1246),0.031325582414865494,0
28,Subject27,window,Subject27,tensor(1247),0.03585956245660782,0
28,Subject27,window,Subject27,tensor(1248),0.06693466007709503,0
28,Subject27,window,Subject27,tensor(1249),0.5858672857284546,0
28,Subject27,window,Subject27,tensor(1250),0.143711119890213,0
28,Subject27,window,Subject27,tensor(1251),0.17772920429706573,0
28,Subject27,window,Subject27,tensor(1252),0.6783674955368042,0
28,Subject27,window,Subject27,tensor(1253),0.5735313296318054,0
28,Subject27,window,Subject27,tensor(1254),0.04245832934975624,0
28,Subject27,window,Subject27,tensor(1255),0.8608714938163757,0
28,Subject27,window,Subject27,tensor(1256),0.25293341279029846,0
28,Subject27,window,Subject27,tensor(1257),0.6173223853111267,0
28,Subject27,window,Subject27,tensor(1258),0.6529319882392883,0
28,Subject27,window,Subject27,tensor(1259),0.4983707368373871,0
28,Subject27,window,Subject27,tensor(1260),0.6084714531898499,0
28,Subject27,window,Subject27,tensor(1261),0.663057267665863,0
28,Subject27,window,Subject27,tensor(1262),0.037774886935949326,0
28,Subject27,window,Subject27,tensor(1263),0.04041299596428871,0
28,Subject27,window,Subject27,tensor(1264),0.08829250931739807,0
28,Subject27,window,Subject27,tensor(1265),0.08779831230640411,0
28,Subject27,window,Subject27,tensor(1266),0.029221689328551292,0
28,Subject27,window,Subject27,tensor(1267),0.8020794987678528,0
28,Subject27,window,Subject27,tensor(1268),0.04289615526795387,0
28,Subject27,window,Subject27,tensor(1269),0.26826268434524536,0
28,Subject27,window,Subject27,tensor(1270),0.04603163152933121,0
28,Subject27,window,Subject27,tensor(1271),0.04299376532435417,0
28,Subject27,window,Subject27,tensor(1272),0.032046519219875336,0
28,Subject27,window,Subject27,tensor(1273),0.49308136105537415,0
28,Subject27,window,Subject27,tensor(1274),0.29061663150787354,0
28,Subject27,window,Subject27,tensor(1275),0.2372625768184662,0
28,Subject27,window,Subject27,tensor(1276),0.02562577649950981,1
28,Subject27,window,Subject27,tensor(1277),0.07870391756296158,1
28,Subject27,window,Subject27,tensor(1278),0.7419254183769226,1
28,Subject27,window,Subject27,tensor(1279),0.09749316424131393,1
28,Subject27,window,Subject27,tensor(1280),0.02262609452009201,1
28,Subject27,window,Subject27,tensor(1281),0.07009657472372055,1
28,Subject27,window,Subject27,tensor(1282),0.821372926235199,1
28,Subject27,window,Subject27,tensor(1283),0.07106836885213852,1
28,Subject27,window,Subject27,tensor(1284),0.6239646077156067,1
28,Subject27,window,Subject27,tensor(1285),0.80546635389328,1
28,Subject27,window,Subject27,tensor(1286),0.22724419832229614,1
29,Subject28,window,Subject28,tensor(1287),0.0232249703258276,0
29,Subject28,window,Subject28,tensor(1288),0.042280662804841995,0
29,Subject28,window,Subject28,tensor(1289),0.022199541330337524,0
29,Subject28,window,Subject28,tensor(1290),0.18981178104877472,0
29,Subject28,window,Subject28,tensor(1291),0.02000885084271431,0
29,Subject28,window,Subject28,tensor(1292),0.08340118080377579,0
29,Subject28,window,Subject28,tensor(1293),0.0232037752866745,0
29,Subject28,window,Subject28,tensor(1294),0.02808462455868721,0
29,Subject28,window,Subject28,tensor(1295),0.08028434216976166,0
29,Subject28,window,Subject28,tensor(1296),0.7457624673843384,0
29,Subject28,window,Subject28,tensor(1297),0.2211524248123169,0
29,Subject28,window,Subject28,tensor(1298),0.6592229604721069,0
29,Subject28,window,Subject28,tensor(1299),0.021626761183142662,0
29,Subject28,window,Subject28,tensor(1300),0.31978192925453186,0
29,Subject28,window,Subject28,tensor(1301),0.21650436520576477,0
29,Subject28,window,Subject28,tensor(1302),0.2644996643066406,0
29,Subject28,window,Subject28,tensor(1303),0.5305673480033875,0
29,Subject28,window,Subject28,tensor(1304),0.7344730496406555,0
29,Subject28,window,Subject28,tensor(1305),0.7123330235481262,0
29,Subject28,window,Subject28,tensor(1306),0.031617626547813416,0
29,Subject28,window,Subject28,tensor(1307),0.7236484885215759,0
29,Subject28,window,Subject28,tensor(1308),0.6475613117218018,0
29,Subject28,window,Subject28,tensor(1309),0.06347820907831192,0
29,Subject28,window,Subject28,tensor(1310),0.02204442210495472,0
29,Subject28,window,Subject28,tensor(1311),0.024955060333013535,0
29,Subject28,window,Subject28,tensor(1312),0.07210065424442291,0
29,Subject28,window,Subject28,tensor(1313),0.0857173502445221,0
29,Subject28,window,Subject28,tensor(1314),0.20533274114131927,0
29,Subject28,window,Subject28,tensor(1315),0.7128629088401794,0
29,Subject28,window,Subject28,tensor(1316),0.08156885951757431,0
29,Subject28,window,Subject28,tensor(1317),0.04841362684965134,0
29,Subject28,window,Subject28,tensor(1318),0.5557699799537659,0
29,Subject28,window,Subject28,tensor(1319),0.5376479625701904,0
29,Subject28,window,Subject28,tensor(1320),0.7293905019760132,0
29,Subject28,window,Subject28,tensor(1321),0.4631252586841583,0
29,Subject28,window,Subject28,tensor(1322),0.05699476972222328,1
29,Subject28,window,Subject28,tensor(1323),0.07092259079217911,1
29,Subject28,window,Subject28,tensor(1324),0.08198980242013931,1
29,Subject28,window,Subject28,tensor(1325),0.05605611205101013,1
29,Subject28,window,Subject28,tensor(1326),0.6249222755432129,1
29,Subject28,window,Subject28,tensor(1327),0.3456438183784485,1
29,Subject28,window,Subject28,tensor(1328),0.03209433704614639,1
29,Subject28,window,Subject28,tensor(1329),0.5859476923942566,1
29,Subject28,window,Subject28,tensor(1330),0.7054004073143005,1
29,Subject28,window,Subject28,tensor(1331),0.7402517199516296,1
29,Subject28,window,Subject28,tensor(1332),0.031991370022296906,1
30,Subject29,window,Subject29,tensor(1333),0.7056605815887451,0
30,Subject29,window,Subject29,tensor(1334),0.32094186544418335,0
30,Subject29,window,Subject29,tensor(1335),0.02358379028737545,0
30,Subject29,window,Subject29,tensor(1336),0.04955742135643959,0
30,Subject29,window,Subject29,tensor(1337),0.10422198474407196,0
30,Subject29,window,Subject29,tensor(1338),0.01129884459078312,0
30,Subject29,window,Subject29,tensor(1339),0.8605467677116394,0
30,Subject29,window,Subject29,tensor(1340),0.5659281611442566,0
30,Subject29,window,Subject29,tensor(1341),0.8313198089599609,0
30,Subject29,window,Subject29,tensor(1342),0.030259646475315094,0
30,Subject29,window,Subject29,tensor(1343),0.01136417780071497,0
30,Subject29,window,Subject29,tensor(1344),0.011055376380681992,0
30,Subject29,window,Subject29,tensor(1345),0.4539981484413147,0
30,Subject29,window,Subject29,tensor(1346),0.8891728520393372,0
30,Subject29,window,Subject29,tensor(1347),0.011989443562924862,0
30,Subject29,window,Subject29,tensor(1348),0.0818217545747757,0
30,Subject29,window,Subject29,tensor(1349),0.40480101108551025,0
30,Subject29,window,Subject29,tensor(1350),0.011042658239603043,0
30,Subject29,window,Subject29,tensor(1351),0.011092436499893665,0
30,Subject29,window,Subject29,tensor(1352),0.050130680203437805,0
30,Subject29,window,Subject29,tensor(1353),0.4042282998561859,0
30,Subject29,window,Subject29,tensor(1354),0.3593272268772125,0
30,Subject29,window,Subject29,tensor(1355),0.011037311516702175,0
30,Subject29,window,Subject29,tensor(1356),0.015137260779738426,0
30,Subject29,window,Subject29,tensor(1357),0.01104093436151743,0
30,Subject29,window,Subject29,tensor(1358),0.11131181567907333,0
30,Subject29,window,Subject29,tensor(1359),0.018330663442611694,0
30,Subject29,window,Subject29,tensor(1360),0.049296870827674866,0
30,Subject29,window,Subject29,tensor(1361),0.014882750809192657,0
30,Subject29,window,Subject29,tensor(1362),0.05119594186544418,0
30,Subject29,window,Subject29,tensor(1363),0.842517077922821,0
30,Subject29,window,Subject29,tensor(1364),0.785953938961029,0
30,Subject29,window,Subject29,tensor(1365),0.2925839126110077,0
30,Subject29,window,Subject29,tensor(1366),0.03331008926033974,0
30,Subject29,window,Subject29,tensor(1367),0.052741896361112595,0
30,Subject29,window,Subject29,tensor(1368),0.01116118859499693,1
30,Subject29,window,Subject29,tensor(1369),0.423844575881958,1
30,Subject29,window,Subject29,tensor(1370),0.21258893609046936,1
30,Subject29,window,Subject29,tensor(1371),0.22119140625,1
30,Subject29,window,Subject29,tensor(1372),0.013409536331892014,1
30,Subject29,window,Subject29,tensor(1373),0.032532792538404465,1
30,Subject29,window,Subject29,tensor(1374),0.05071781948208809,1
30,Subject29,window,Subject29,tensor(1375),0.8875088691711426,1
30,Subject29,window,Subject29,tensor(1376),0.15685182809829712,1
30,Subject29,window,Subject29,tensor(1377),0.3895658850669861,1
30,Subject29,window,Subject29,tensor(1378),0.015216348692774773,1
31,Subject30,window,Subject30,tensor(1379),0.01853146404027939,0
31,Subject30,window,Subject30,tensor(1380),0.010820239782333374,0
31,Subject30,window,Subject30,tensor(1381),0.01148911938071251,0
31,Subject30,window,Subject30,tensor(1382),0.2289360761642456,0
31,Subject30,window,Subject30,tensor(1383),0.7683663368225098,0
31,Subject30,window,Subject30,tensor(1384),0.05408168211579323,0
31,Subject30,window,Subject30,tensor(1385),0.014896080829203129,0
31,Subject30,window,Subject30,tensor(1386),0.012073607183992863,0
31,Subject30,window,Subject30,tensor(1387),0.012742697261273861,0
31,Subject30,window,Subject30,tensor(1388),0.032645825296640396,0
31,Subject30,window,Subject30,tensor(1389),0.023649651557207108,0
31,Subject30,window,Subject30,tensor(1390),0.015980852767825127,0
31,Subject30,window,Subject30,tensor(1391),0.15513493120670319,0
31,Subject30,window,Subject30,tensor(1392),0.41460010409355164,0
31,Subject30,window,Subject30,tensor(1393),0.16890883445739746,0
31,Subject30,window,Subject30,tensor(1394),0.21960419416427612,0
31,Subject30,window,Subject30,tensor(1395),0.02928038500249386,0
31,Subject30,window,Subject30,tensor(1396),0.3669714331626892,0
31,Subject30,window,Subject30,tensor(1397),0.01668686419725418,0
31,Subject30,window,Subject30,tensor(1398),0.08037563413381577,0
31,Subject30,window,Subject30,tensor(1399),0.46302330493927,0
31,Subject30,window,Subject30,tensor(1400),0.04171748459339142,0
31,Subject30,window,Subject30,tensor(1401),0.6140057444572449,0
31,Subject30,window,Subject30,tensor(1402),0.20181724429130554,0
31,Subject30,window,Subject30,tensor(1403),0.013840335421264172,0
31,Subject30,window,Subject30,tensor(1404),0.010664825327694416,0
31,Subject30,window,Subject30,tensor(1405),0.15732361376285553,0
31,Subject30,window,Subject30,tensor(1406),0.028039347380399704,0
31,Subject30,window,Subject30,tensor(1407),0.02676025778055191,0
31,Subject30,window,Subject30,tensor(1408),0.3286358118057251,0
31,Subject30,window,Subject30,tensor(1409),0.013782921247184277,0
31,Subject30,window,Subject30,tensor(1410),0.011634868569672108,0
31,Subject30,window,Subject30,tensor(1411),0.01805529184639454,0
31,Subject30,window,Subject30,tensor(1412),0.01660718210041523,0
31,Subject30,window,Subject30,tensor(1413),0.31386440992355347,0
31,Subject30,window,Subject30,tensor(1414),0.6749557852745056,1
31,Subject30,window,Subject30,tensor(1415),0.01800939440727234,1
31,Subject30,window,Subject30,tensor(1416),0.011000245809555054,1
31,Subject30,window,Subject30,tensor(1417),0.011275888420641422,1
31,Subject30,window,Subject30,tensor(1418),0.6354978084564209,1
31,Subject30,window,Subject30,tensor(1419),0.09305389970541,1
31,Subject30,window,Subject30,tensor(1420),0.6885719895362854,1
31,Subject30,window,Subject30,tensor(1421),0.21091818809509277,1
31,Subject30,window,Subject30,tensor(1422),0.6017807722091675,1
31,Subject30,window,Subject30,tensor(1423),0.03587113693356514,1
31,Subject30,window,Subject30,tensor(1424),0.01710948534309864,1
32,Subject31,window,Subject31,tensor(1425),0.3338126242160797,0
32,Subject31,window,Subject31,tensor(1426),0.2629631459712982,0
32,Subject31,window,Subject31,tensor(1427),0.017021598294377327,0
32,Subject31,window,Subject31,tensor(1428),0.11424076557159424,0
32,Subject31,window,Subject31,tensor(1429),0.1159895807504654,0
32,Subject31,window,Subject31,tensor(1430),0.16382035613059998,0
32,Subject31,window,Subject31,tensor(1431),0.1041238009929657,0
32,Subject31,window,Subject31,tensor(1432),0.10734467208385468,0
32,Subject31,window,Subject31,tensor(1433),0.06989961862564087,0
32,Subject31,window,Subject31,tensor(1434),0.03607701137661934,0
32,Subject31,window,Subject31,tensor(1435),0.04019860178232193,0
32,Subject31,window,Subject31,tensor(1436),0.08360850065946579,0
32,Subject31,window,Subject31,tensor(1437),0.03956422209739685,0
32,Subject31,window,Subject31,tensor(1438),0.027620580047369003,0
32,Subject31,window,Subject31,tensor(1439),0.3941038250923157,0
32,Subject31,window,Subject31,tensor(1440),0.056360140442848206,1
32,Subject31,window,Subject31,tensor(1441),0.052448708564043045,1
32,Subject31,window,Subject31,tensor(1442),0.2259654551744461,1
32,Subject31,window,Subject31,tensor(1443),0.7806537747383118,1
32,Subject31,window,Subject31,tensor(1444),0.38272109627723694,1
32,Subject31,window,Subject31,tensor(1445),0.5296332836151123,1
32,Subject31,window,Subject31,tensor(1446),0.2797577381134033,1
32,Subject31,window,Subject31,tensor(1447),0.2694797217845917,1
32,Subject31,window,Subject31,tensor(1448),0.04519222304224968,1
32,Subject31,window,Subject31,tensor(1449),0.0891837403178215,1
32,Subject31,window,Subject31,tensor(1450),0.8671799302101135,1
33,Subject32,window,Subject32,tensor(1451),0.050977613776922226,0
33,Subject32,window,Subject32,tensor(1452),0.05839475989341736,0
33,Subject32,window,Subject32,tensor(1453),0.10953560471534729,0
33,Subject32,window,Subject32,tensor(1454),0.03885889798402786,0
33,Subject32,window,Subject32,tensor(1455),0.16933701932430267,0
33,Subject32,window,Subject32,tensor(1456),0.047243453562259674,0
33,Subject32,window,Subject32,tensor(1457),0.11037138104438782,0
33,Subject32,window,Subject32,tensor(1458),0.43975144624710083,0
33,Subject32,window,Subject32,tensor(1459),0.041280679404735565,0
33,Subject32,window,Subject32,tensor(1460),0.031085405498743057,0
33,Subject32,window,Subject32,tensor(1461),0.02881155163049698,0
33,Subject32,window,Subject32,tensor(1462),0.579877495765686,0
33,Subject32,window,Subject32,tensor(1463),0.12613968551158905,0
33,Subject32,window,Subject32,tensor(1464),0.04400544986128807,0
33,Subject32,window,Subject32,tensor(1465),0.03771805018186569,0
33,Subject32,window,Subject32,tensor(1466),0.38504284620285034,0
33,Subject32,window,Subject32,tensor(1467),0.03514690697193146,0
33,Subject32,window,Subject32,tensor(1468),0.13878189027309418,0
33,Subject32,window,Subject32,tensor(1469),0.06479863822460175,0
33,Subject32,window,Subject32,tensor(1470),0.039491135627031326,0
33,Subject32,window,Subject32,tensor(1471),0.09511351585388184,0
33,Subject32,window,Subject32,tensor(1472),0.40040767192840576,0
33,Subject32,window,Subject32,tensor(1473),0.5038714408874512,0
33,Subject32,window,Subject32,tensor(1474),0.43386778235435486,0
33,Subject32,window,Subject32,tensor(1475),0.04260959476232529,0
33,Subject32,window,Subject32,tensor(1476),0.03561420366168022,0
33,Subject32,window,Subject32,tensor(1477),0.03220159560441971,0
33,Subject32,window,Subject32,tensor(1478),0.0711992084980011,0
33,Subject32,window,Subject32,tensor(1479),0.20933358371257782,0
33,Subject32,window,Subject32,tensor(1480),0.16554869711399078,0
33,Subject32,window,Subject32,tensor(1481),0.048461876809597015,0
33,Subject32,window,Subject32,tensor(1482),0.05616035684943199,0
33,Subject32,window,Subject32,tensor(1483),0.03951827436685562,0
33,Subject32,window,Subject32,tensor(1484),0.06355611979961395,0
33,Subject32,window,Subject32,tensor(1485),0.05562780424952507,0
33,Subject32,window,Subject32,tensor(1486),0.1916179060935974,1
33,Subject32,window,Subject32,tensor(1487),0.09426389634609222,1
33,Subject32,window,Subject32,tensor(1488),0.26768985390663147,1
33,Subject32,window,Subject32,tensor(1489),0.08894885331392288,1
33,Subject32,window,Subject32,tensor(1490),0.17685066163539886,1
33,Subject32,window,Subject32,tensor(1491),0.09455876797437668,1
33,Subject32,window,Subject32,tensor(1492),0.06737478077411652,1
33,Subject32,window,Subject32,tensor(1493),0.03161462023854256,1
33,Subject32,window,Subject32,tensor(1494),0.1445835530757904,1
33,Subject32,window,Subject32,tensor(1495),0.07938707619905472,1
33,Subject32,window,Subject32,tensor(1496),0.074008509516716,1
34,Subject33,window,Subject33,tensor(1497),0.19558121263980865,0
34,Subject33,window,Subject33,tensor(1498),0.13736583292484283,0
34,Subject33,window,Subject33,tensor(1499),0.22715730965137482,0
34,Subject33,window,Subject33,tensor(1500),0.33660006523132324,0
34,Subject33,window,Subject33,tensor(1501),0.2631794810295105,0
34,Subject33,window,Subject33,tensor(1502),0.3985750675201416,0
34,Subject33,window,Subject33,tensor(1503),0.11445727944374084,0
34,Subject33,window,Subject33,tensor(1504),0.3296571671962738,0
34,Subject33,window,Subject33,tensor(1505),0.1848330795764923,0
34,Subject33,window,Subject33,tensor(1506),0.3922928273677826,0
34,Subject33,window,Subject33,tensor(1507),0.3885398507118225,0
34,Subject33,window,Subject33,tensor(1508),0.20199526846408844,0
34,Subject33,window,Subject33,tensor(1509),0.1270199418067932,0
34,Subject33,window,Subject33,tensor(1510),0.14291322231292725,0
34,Subject33,window,Subject33,tensor(1511),0.4401034116744995,0
34,Subject33,window,Subject33,tensor(1512),0.11503184586763382,0
34,Subject33,window,Subject33,tensor(1513),0.17309221625328064,0
34,Subject33,window,Subject33,tensor(1514),0.20390240848064423,0
34,Subject33,window,Subject33,tensor(1515),0.22289948165416718,0
34,Subject33,window,Subject33,tensor(1516),0.20172107219696045,0
34,Subject33,window,Subject33,tensor(1517),0.164697527885437,0
34,Subject33,window,Subject33,tensor(1518),0.27156805992126465,0
34,Subject33,window,Subject33,tensor(1519),0.10626830905675888,0
34,Subject33,window,Subject33,tensor(1520),0.10011313855648041,0
34,Subject33,window,Subject33,tensor(1521),0.13049951195716858,0
34,Subject33,window,Subject33,tensor(1522),0.14642564952373505,0
34,Subject33,window,Subject33,tensor(1523),0.40852004289627075,0
34,Subject33,window,Subject33,tensor(1524),0.2836240828037262,0
34,Subject33,window,Subject33,tensor(1525),0.1546933948993683,0
34,Subject33,window,Subject33,tensor(1526),0.1988825649023056,0
34,Subject33,window,Subject33,tensor(1527),0.12699349224567413,0
34,Subject33,window,Subject33,tensor(1528),0.1618700474500656,0
34,Subject33,window,Subject33,tensor(1529),0.12073936313390732,0
34,Subject33,window,Subject33,tensor(1530),0.13470521569252014,0
34,Subject33,window,Subject33,tensor(1531),0.12571948766708374,0
34,Subject33,window,Subject33,tensor(1532),0.12918822467327118,1
34,Subject33,window,Subject33,tensor(1533),0.43992647528648376,1
34,Subject33,window,Subject33,tensor(1534),0.22544819116592407,1
34,Subject33,window,Subject33,tensor(1535),0.2177491933107376,1
34,Subject33,window,Subject33,tensor(1536),0.11213512718677521,1
34,Subject33,window,Subject33,tensor(1537),0.1991841197013855,1
34,Subject33,window,Subject33,tensor(1538),0.251595675945282,1
34,Subject33,window,Subject33,tensor(1539),0.2583951950073242,1
34,Subject33,window,Subject33,tensor(1540),0.48229527473449707,1
34,Subject33,window,Subject33,tensor(1541),0.2889939248561859,1
34,Subject33,window,Subject33,tensor(1542),0.21532048285007477,1
35,Subject34,window,Subject34,tensor(1543),0.1806667447090149,0
35,Subject34,window,Subject34,tensor(1544),0.09374438226222992,0
35,Subject34,window,Subject34,tensor(1545),0.3242141008377075,0
35,Subject34,window,Subject34,tensor(1546),0.2175120711326599,0
35,Subject34,window,Subject34,tensor(1547),0.2833864390850067,0
35,Subject34,window,Subject34,tensor(1548),0.047673724591732025,0
35,Subject34,window,Subject34,tensor(1549),0.4000716209411621,0
35,Subject34,window,Subject34,tensor(1550),0.45473507046699524,0
35,Subject34,window,Subject34,tensor(1551),0.48643559217453003,0
35,Subject34,window,Subject34,tensor(1552),0.5771059393882751,0
35,Subject34,window,Subject34,tensor(1553),0.5183956623077393,0
35,Subject34,window,Subject34,tensor(1554),0.3515116572380066,0
35,Subject34,window,Subject34,tensor(1555),0.06924208253622055,0
35,Subject34,window,Subject34,tensor(1556),0.4947611391544342,0
35,Subject34,window,Subject34,tensor(1557),0.19287975132465363,0
35,Subject34,window,Subject34,tensor(1558),0.5199568867683411,0
35,Subject34,window,Subject34,tensor(1559),0.4763292670249939,0
35,Subject34,window,Subject34,tensor(1560),0.07386847585439682,0
35,Subject34,window,Subject34,tensor(1561),0.046362075954675674,0
35,Subject34,window,Subject34,tensor(1562),0.04835278540849686,0
35,Subject34,window,Subject34,tensor(1563),0.2550719380378723,0
35,Subject34,window,Subject34,tensor(1564),0.06203193962574005,0
35,Subject34,window,Subject34,tensor(1565),0.0656026303768158,0
35,Subject34,window,Subject34,tensor(1566),0.09161671996116638,0
35,Subject34,window,Subject34,tensor(1567),0.26260697841644287,0
35,Subject34,window,Subject34,tensor(1568),0.4032050371170044,0
35,Subject34,window,Subject34,tensor(1569),0.06946014612913132,0
35,Subject34,window,Subject34,tensor(1570),0.061167508363723755,0
35,Subject34,window,Subject34,tensor(1571),0.4364374577999115,0
35,Subject34,window,Subject34,tensor(1572),0.06606274098157883,0
35,Subject34,window,Subject34,tensor(1573),0.04879999905824661,0
35,Subject34,window,Subject34,tensor(1574),0.04614521190524101,0
35,Subject34,window,Subject34,tensor(1575),0.1129244938492775,0
35,Subject34,window,Subject34,tensor(1576),0.3468553125858307,0
35,Subject34,window,Subject34,tensor(1577),0.5379056930541992,0
35,Subject34,window,Subject34,tensor(1578),0.0448891818523407,1
35,Subject34,window,Subject34,tensor(1579),0.3563879132270813,1
35,Subject34,window,Subject34,tensor(1580),0.057334523648023605,1
35,Subject34,window,Subject34,tensor(1581),0.2039966881275177,1
35,Subject34,window,Subject34,tensor(1582),0.12747663259506226,1
35,Subject34,window,Subject34,tensor(1583),0.08593207597732544,1
35,Subject34,window,Subject34,tensor(1584),0.08171522617340088,1
35,Subject34,window,Subject34,tensor(1585),0.3200431168079376,1
35,Subject34,window,Subject34,tensor(1586),0.12746714055538177,1
35,Subject34,window,Subject34,tensor(1587),0.1460321694612503,1
35,Subject34,window,Subject34,tensor(1588),0.051553875207901,1
36,Subject35,window,Subject35,tensor(1589),0.21112559735774994,0
36,Subject35,window,Subject35,tensor(1590),0.19018971920013428,0
36,Subject35,window,Subject35,tensor(1591),0.16116560995578766,0
36,Subject35,window,Subject35,tensor(1592),0.17895843088626862,0
36,Subject35,window,Subject35,tensor(1593),0.163557767868042,0
36,Subject35,window,Subject35,tensor(1594),0.20094682276248932,0
36,Subject35,window,Subject35,tensor(1595),0.19719147682189941,0
36,Subject35,window,Subject35,tensor(1596),0.19166699051856995,0
36,Subject35,window,Subject35,tensor(1597),0.18021482229232788,0
36,Subject35,window,Subject35,tensor(1598),0.17319472134113312,0
36,Subject35,window,Subject35,tensor(1599),0.19286547601222992,0
36,Subject35,window,Subject35,tensor(1600),0.1968931257724762,0
36,Subject35,window,Subject35,tensor(1601),0.17553314566612244,0
36,Subject35,window,Subject35,tensor(1602),0.19026759266853333,0
36,Subject35,window,Subject35,tensor(1603),0.21338169276714325,0
36,Subject35,window,Subject35,tensor(1604),0.190602108836174,0
36,Subject35,window,Subject35,tensor(1605),0.1945185363292694,0
36,Subject35,window,Subject35,tensor(1606),0.21253451704978943,0
36,Subject35,window,Subject35,tensor(1607),0.19858354330062866,0
36,Subject35,window,Subject35,tensor(1608),0.17453233897686005,0
36,Subject35,window,Subject35,tensor(1609),0.17188234627246857,0
36,Subject35,window,Subject35,tensor(1610),0.1786828637123108,0
36,Subject35,window,Subject35,tensor(1611),0.1640656739473343,0
36,Subject35,window,Subject35,tensor(1612),0.17912031710147858,0
36,Subject35,window,Subject35,tensor(1613),0.21155638992786407,0
36,Subject35,window,Subject35,tensor(1614),0.18657484650611877,0
36,Subject35,window,Subject35,tensor(1615),0.19205568730831146,0
36,Subject35,window,Subject35,tensor(1616),0.20352992415428162,0
36,Subject35,window,Subject35,tensor(1617),0.19548074901103973,0
36,Subject35,window,Subject35,tensor(1618),0.1709643304347992,0
36,Subject35,window,Subject35,tensor(1619),0.17625750601291656,0
36,Subject35,window,Subject35,tensor(1620),0.19318212568759918,0
36,Subject35,window,Subject35,tensor(1621),0.18697397410869598,0
36,Subject35,window,Subject35,tensor(1622),0.17666934430599213,0
36,Subject35,window,Subject35,tensor(1623),0.19547569751739502,0
36,Subject35,window,Subject35,tensor(1624),0.19862894713878632,1
36,Subject35,window,Subject35,tensor(1625),0.19394570589065552,1
36,Subject35,window,Subject35,tensor(1626),0.20630253851413727,1
36,Subject35,window,Subject35,tensor(1627),0.19837428629398346,1
36,Subject35,window,Subject35,tensor(1628),0.19934053719043732,1
36,Subject35,window,Subject35,tensor(1629),0.17722836136817932,1
36,Subject35,window,Subject35,tensor(1630),0.17634183168411255,1
36,Subject35,window,Subject35,tensor(1631),0.19162558019161224,1
36,Subject35,window,Subject35,tensor(1632),0.18540054559707642,1
36,Subject35,window,Subject35,tensor(1633),0.18539008498191833,1
36,Subject35,window,Subject35,tensor(1634),0.1958993524312973,1
